"","condition","block","category","token","N_A","N_B","N_C","N_subj","dot1x","dot1y","dot2x","dot2y","dot3x","dot3y","dot4x","dot4y","dot5x","dot5y","dot6x","dot6y","dot7x","dot7y","dot8x","dot8y","dot9x","dot9y"
"1",1,1,1,1,8,10,2,20,13,-7,4,12,14,-2,-16,9,-11,-1,-6,0,-5,8,-6,-9,17,5
"2",1,1,1,2,9,7,4,20,13,3,-5,18,11,-4,-10,10,-10,-2,-6,5,-5,8,-1,-11,13,9
"3",1,1,1,3,5,12,3,20,13,2,-6,20,13,-3,-10,10,-11,-1,1,8,-9,3,-7,-8,12,10
"4",1,1,1,4,13,6,1,20,13,3,-5,19,14,-2,-10,10,-12,-1,-6,5,-6,8,-5,-10,12,11
"5",1,1,1,5,13,3,4,20,13,3,-6,21,23,3,-10,10,-11,-1,-6,4,-3,6,-6,-8,13,8
"6",1,1,1,6,11,7,2,20,13,2,-4,17,14,-2,-11,11,-11,-1,-5,5,-8,5,-7,-8,12,8
"7",1,1,1,7,11,6,3,20,12,3,-4,17,9,3,-10,10,-11,-1,-4,3,-5,8,-5,-10,13,9
"8",1,1,1,8,13,5,2,20,13,3,-5,18,13,-1,-16,3,-10,-2,-5,4,-5,7,-6,-9,13,10
"9",1,1,1,9,11,1,8,20,10,0,-4,17,19,7,-10,11,-10,-2,-7,3,-10,16,-6,-9,13,9
"10",1,1,2,1,6,13,1,20,10,13,-1,10,13,-1,-14,20,-12,-6,-2,4,-13,11,-9,-9,11,4
"11",1,1,2,2,9,9,2,20,10,13,-9,14,14,-1,-13,20,-8,-5,-1,3,-14,11,-9,-7,11,4
"12",1,1,2,3,5,14,1,20,10,14,0,11,12,0,-14,20,-12,-4,-1,3,-13,10,-9,-7,11,4
"13",1,1,2,4,5,12,3,20,10,13,-1,14,14,-2,-15,20,-13,-5,0,7,-14,11,-9,-7,10,5
"14",1,1,2,5,5,13,2,20,10,13,1,10,13,-1,-12,20,-11,-5,-1,4,-14,11,-9,-7,11,5
"15",1,1,2,6,9,8,3,20,10,14,3,3,13,-2,-12,19,-12,-5,-1,4,-15,13,-8,-7,11,4
"16",1,1,2,7,4,14,2,20,11,14,-1,12,13,-3,-14,20,-12,-6,0,2,-14,11,-10,-7,12,5
"17",1,1,2,8,3,15,2,20,11,12,1,10,13,-1,-13,20,-12,-6,-2,3,-15,11,-8,-8,11,3
"18",1,1,2,9,2,16,2,20,10,13,-1,11,13,-1,-12,20,-12,-5,0,2,-12,11,-8,-7,11,4
"19",1,1,3,1,5,5,10,20,14,-1,-3,19,9,-5,-10,9,-6,-13,-2,0,-13,19,-3,-12,13,5
"20",1,1,3,2,6,4,10,20,14,-2,-5,20,9,-4,-10,11,-8,-14,-3,-1,-13,23,-4,-11,11,5
"21",1,1,3,3,2,1,17,20,15,-2,-4,19,10,-5,-10,8,-5,-12,-3,0,-14,20,-2,-13,12,6
"22",1,1,3,4,2,5,13,20,15,-2,-5,19,8,-10,-10,8,-6,-14,-3,0,-13,18,-4,-12,11,6
"23",1,1,3,5,6,2,12,20,15,-3,-4,20,9,-4,-10,9,-6,-14,-3,0,-12,10,-3,-12,12,5
"24",1,1,3,6,4,1,15,20,15,-2,-5,21,9,-4,-10,9,-7,-14,-3,0,-13,19,-4,-11,13,5
"25",1,1,3,7,5,3,12,20,15,-3,-5,20,8,-5,-10,8,-7,-11,-3,0,-13,19,-3,-12,13,4
"26",1,1,3,8,3,2,15,20,15,-3,-5,20,9,-5,-10,9,-7,-13,-3,0,-13,19,-3,-13,13,6
"27",1,1,3,9,3,7,10,20,16,-3,-5,20,9,-5,-10,9,-6,-13,-1,8,-11,21,-3,-13,12,5
"28",1,2,1,1,12,5,3,20,13,-7,4,12,14,-2,-16,9,-11,-1,-6,0,-5,8,-6,-9,17,5
"29",1,2,1,2,12,5,3,20,13,3,-5,18,11,-4,-10,10,-10,-2,-6,5,-5,8,-1,-11,13,9
"30",1,2,1,3,6,12,2,20,13,2,-6,20,13,-3,-10,10,-11,-1,1,8,-9,3,-7,-8,12,10
"31",1,2,1,4,15,5,0,20,13,3,-5,19,14,-2,-10,10,-12,-1,-6,5,-6,8,-5,-10,12,11
"32",1,2,1,5,13,2,5,20,13,3,-6,21,23,3,-10,10,-11,-1,-6,4,-3,6,-6,-8,13,8
"33",1,2,1,6,15,5,0,20,13,2,-4,17,14,-2,-11,11,-11,-1,-5,5,-8,5,-7,-8,12,8
"34",1,2,1,7,14,3,3,20,12,3,-4,17,9,3,-10,10,-11,-1,-4,3,-5,8,-5,-10,13,9
"35",1,2,1,8,16,4,0,20,13,3,-5,18,13,-1,-16,3,-10,-2,-5,4,-5,7,-6,-9,13,10
"36",1,2,1,9,14,4,2,20,10,0,-4,17,19,7,-10,11,-10,-2,-7,3,-10,16,-6,-9,13,9
"37",1,2,2,1,2,18,0,20,10,13,-1,10,13,-1,-14,20,-12,-6,-2,4,-13,11,-9,-9,11,4
"38",1,2,2,2,6,12,2,20,10,13,-9,14,14,-1,-13,20,-8,-5,-1,3,-14,11,-9,-7,11,4
"39",1,2,2,3,1,19,0,20,10,14,0,11,12,0,-14,20,-12,-4,-1,3,-13,10,-9,-7,11,4
"40",1,2,2,4,3,16,1,20,10,13,-1,14,14,-2,-15,20,-13,-5,0,7,-14,11,-9,-7,10,5
"41",1,2,2,5,2,18,0,20,10,13,1,10,13,-1,-12,20,-11,-5,-1,4,-14,11,-9,-7,11,5
"42",1,2,2,6,4,14,2,20,10,14,3,3,13,-2,-12,19,-12,-5,-1,4,-15,13,-8,-7,11,4
"43",1,2,2,7,3,17,0,20,11,14,-1,12,13,-3,-14,20,-12,-6,0,2,-14,11,-10,-7,12,5
"44",1,2,2,8,5,15,0,20,11,12,1,10,13,-1,-13,20,-12,-6,-2,3,-15,11,-8,-8,11,3
"45",1,2,2,9,2,17,1,20,10,13,-1,11,13,-1,-12,20,-12,-5,0,2,-12,11,-8,-7,11,4
"46",1,2,3,1,2,4,14,20,14,-1,-3,19,9,-5,-10,9,-6,-13,-2,0,-13,19,-3,-12,13,5
"47",1,2,3,2,4,0,16,20,14,-2,-5,20,9,-4,-10,11,-8,-14,-3,-1,-13,23,-4,-11,11,5
"48",1,2,3,3,1,2,17,20,15,-2,-4,19,10,-5,-10,8,-5,-12,-3,0,-14,20,-2,-13,12,6
"49",1,2,3,4,2,0,18,20,15,-2,-5,19,8,-10,-10,8,-6,-14,-3,0,-13,18,-4,-12,11,6
"50",1,2,3,5,2,1,17,20,15,-3,-4,20,9,-4,-10,9,-6,-14,-3,0,-12,10,-3,-12,12,5
"51",1,2,3,6,1,0,19,20,15,-2,-5,21,9,-4,-10,9,-7,-14,-3,0,-13,19,-4,-11,13,5
"52",1,2,3,7,2,2,16,20,15,-3,-5,20,8,-5,-10,8,-7,-11,-3,0,-13,19,-3,-12,13,4
"53",1,2,3,8,1,1,18,20,15,-3,-5,20,9,-5,-10,9,-7,-13,-3,0,-13,19,-3,-13,13,6
"54",1,2,3,9,3,1,16,20,16,-3,-5,20,9,-5,-10,9,-6,-13,-1,8,-11,21,-3,-13,12,5
"55",1,3,1,1,15,3,2,20,13,-7,4,12,14,-2,-16,9,-11,-1,-6,0,-5,8,-6,-9,17,5
"56",1,3,1,2,15,2,3,20,13,3,-5,18,11,-4,-10,10,-10,-2,-6,5,-5,8,-1,-11,13,9
"57",1,3,1,3,10,9,1,20,13,2,-6,20,13,-3,-10,10,-11,-1,1,8,-9,3,-7,-8,12,10
"58",1,3,1,4,18,2,0,20,13,3,-5,19,14,-2,-10,10,-12,-1,-6,5,-6,8,-5,-10,12,11
"59",1,3,1,5,16,1,3,20,13,3,-6,21,23,3,-10,10,-11,-1,-6,4,-3,6,-6,-8,13,8
"60",1,3,1,6,17,2,1,20,13,2,-4,17,14,-2,-11,11,-11,-1,-5,5,-8,5,-7,-8,12,8
"61",1,3,1,7,10,4,6,20,12,3,-4,17,9,3,-10,10,-11,-1,-4,3,-5,8,-5,-10,13,9
"62",1,3,1,8,19,1,0,20,13,3,-5,18,13,-1,-16,3,-10,-2,-5,4,-5,7,-6,-9,13,10
"63",1,3,1,9,14,2,4,20,10,0,-4,17,19,7,-10,11,-10,-2,-7,3,-10,16,-6,-9,13,9
"64",1,3,2,1,1,19,0,20,10,13,-1,10,13,-1,-14,20,-12,-6,-2,4,-13,11,-9,-9,11,4
"65",1,3,2,2,10,8,2,20,10,13,-9,14,14,-1,-13,20,-8,-5,-1,3,-14,11,-9,-7,11,4
"66",1,3,2,3,0,20,0,20,10,14,0,11,12,0,-14,20,-12,-4,-1,3,-13,10,-9,-7,11,4
"67",1,3,2,4,4,16,0,20,10,13,-1,14,14,-2,-15,20,-13,-5,0,7,-14,11,-9,-7,10,5
"68",1,3,2,5,1,18,1,20,10,13,1,10,13,-1,-12,20,-11,-5,-1,4,-14,11,-9,-7,11,5
"69",1,3,2,6,0,17,3,20,10,14,3,3,13,-2,-12,19,-12,-5,-1,4,-15,13,-8,-7,11,4
"70",1,3,2,7,2,17,1,20,11,14,-1,12,13,-3,-14,20,-12,-6,0,2,-14,11,-10,-7,12,5
"71",1,3,2,8,1,18,1,20,11,12,1,10,13,-1,-13,20,-12,-6,-2,3,-15,11,-8,-8,11,3
"72",1,3,2,9,0,19,1,20,10,13,-1,11,13,-1,-12,20,-12,-5,0,2,-12,11,-8,-7,11,4
"73",1,3,3,1,2,2,16,20,14,-1,-3,19,9,-5,-10,9,-6,-13,-2,0,-13,19,-3,-12,13,5
"74",1,3,3,2,3,0,17,20,14,-2,-5,20,9,-4,-10,11,-8,-14,-3,-1,-13,23,-4,-11,11,5
"75",1,3,3,3,2,1,17,20,15,-2,-4,19,10,-5,-10,8,-5,-12,-3,0,-14,20,-2,-13,12,6
"76",1,3,3,4,3,2,15,20,15,-2,-5,19,8,-10,-10,8,-6,-14,-3,0,-13,18,-4,-12,11,6
"77",1,3,3,5,2,2,16,20,15,-3,-4,20,9,-4,-10,9,-6,-14,-3,0,-12,10,-3,-12,12,5
"78",1,3,3,6,2,1,17,20,15,-2,-5,21,9,-4,-10,9,-7,-14,-3,0,-13,19,-4,-11,13,5
"79",1,3,3,7,1,1,18,20,15,-3,-5,20,8,-5,-10,8,-7,-11,-3,0,-13,19,-3,-12,13,4
"80",1,3,3,8,3,1,16,20,15,-3,-5,20,9,-5,-10,9,-7,-13,-3,0,-13,19,-3,-13,13,6
"81",1,3,3,9,2,0,18,20,16,-3,-5,20,9,-5,-10,9,-6,-13,-1,8,-11,21,-3,-13,12,5
"82",1,4,1,1,15,4,1,20,13,-7,4,12,14,-2,-16,9,-11,-1,-6,0,-5,8,-6,-9,17,5
"83",1,4,1,2,15,1,4,20,13,3,-5,18,11,-4,-10,10,-10,-2,-6,5,-5,8,-1,-11,13,9
"84",1,4,1,3,13,7,0,20,13,2,-6,20,13,-3,-10,10,-11,-1,1,8,-9,3,-7,-8,12,10
"85",1,4,1,4,18,2,0,20,13,3,-5,19,14,-2,-10,10,-12,-1,-6,5,-6,8,-5,-10,12,11
"86",1,4,1,5,19,1,0,20,13,3,-6,21,23,3,-10,10,-11,-1,-6,4,-3,6,-6,-8,13,8
"87",1,4,1,6,18,1,1,20,13,2,-4,17,14,-2,-11,11,-11,-1,-5,5,-8,5,-7,-8,12,8
"88",1,4,1,7,16,2,2,20,12,3,-4,17,9,3,-10,10,-11,-1,-4,3,-5,8,-5,-10,13,9
"89",1,4,1,8,19,1,0,20,13,3,-5,18,13,-1,-16,3,-10,-2,-5,4,-5,7,-6,-9,13,10
"90",1,4,1,9,17,0,3,20,10,0,-4,17,19,7,-10,11,-10,-2,-7,3,-10,16,-6,-9,13,9
"91",1,4,2,1,1,16,3,20,10,13,-1,10,13,-1,-14,20,-12,-6,-2,4,-13,11,-9,-9,11,4
"92",1,4,2,2,9,8,3,20,10,13,-9,14,14,-1,-13,20,-8,-5,-1,3,-14,11,-9,-7,11,4
"93",1,4,2,3,0,19,1,20,10,14,0,11,12,0,-14,20,-12,-4,-1,3,-13,10,-9,-7,11,4
"94",1,4,2,4,1,18,1,20,10,13,-1,14,14,-2,-15,20,-13,-5,0,7,-14,11,-9,-7,10,5
"95",1,4,2,5,1,19,0,20,10,13,1,10,13,-1,-12,20,-11,-5,-1,4,-14,11,-9,-7,11,5
"96",1,4,2,6,4,15,1,20,10,14,3,3,13,-2,-12,19,-12,-5,-1,4,-15,13,-8,-7,11,4
"97",1,4,2,7,2,18,0,20,11,14,-1,12,13,-3,-14,20,-12,-6,0,2,-14,11,-10,-7,12,5
"98",1,4,2,8,0,20,0,20,11,12,1,10,13,-1,-13,20,-12,-6,-2,3,-15,11,-8,-8,11,3
"99",1,4,2,9,1,19,0,20,10,13,-1,11,13,-1,-12,20,-12,-5,0,2,-12,11,-8,-7,11,4
"100",1,4,3,1,2,1,17,20,14,-1,-3,19,9,-5,-10,9,-6,-13,-2,0,-13,19,-3,-12,13,5
"101",1,4,3,2,4,0,16,20,14,-2,-5,20,9,-4,-10,11,-8,-14,-3,-1,-13,23,-4,-11,11,5
"102",1,4,3,3,1,0,19,20,15,-2,-4,19,10,-5,-10,8,-5,-12,-3,0,-14,20,-2,-13,12,6
"103",1,4,3,4,2,0,18,20,15,-2,-5,19,8,-10,-10,8,-6,-14,-3,0,-13,18,-4,-12,11,6
"104",1,4,3,5,4,1,15,20,15,-3,-4,20,9,-4,-10,9,-6,-14,-3,0,-12,10,-3,-12,12,5
"105",1,4,3,6,1,1,18,20,15,-2,-5,21,9,-4,-10,9,-7,-14,-3,0,-13,19,-4,-11,13,5
"106",1,4,3,7,2,1,17,20,15,-3,-5,20,8,-5,-10,8,-7,-11,-3,0,-13,19,-3,-12,13,4
"107",1,4,3,8,0,1,19,20,15,-3,-5,20,9,-5,-10,9,-7,-13,-3,0,-13,19,-3,-13,13,6
"108",1,4,3,9,0,0,20,20,16,-3,-5,20,9,-5,-10,9,-6,-13,-1,8,-11,21,-3,-13,12,5
"109",1,5,1,1,17,2,1,20,13,-7,4,12,14,-2,-16,9,-11,-1,-6,0,-5,8,-6,-9,17,5
"110",1,5,1,2,18,1,1,20,13,3,-5,18,11,-4,-10,10,-10,-2,-6,5,-5,8,-1,-11,13,9
"111",1,5,1,3,10,8,2,20,13,2,-6,20,13,-3,-10,10,-11,-1,1,8,-9,3,-7,-8,12,10
"112",1,5,1,4,19,1,0,20,13,3,-5,19,14,-2,-10,10,-12,-1,-6,5,-6,8,-5,-10,12,11
"113",1,5,1,5,16,2,2,20,13,3,-6,21,23,3,-10,10,-11,-1,-6,4,-3,6,-6,-8,13,8
"114",1,5,1,6,19,1,0,20,13,2,-4,17,14,-2,-11,11,-11,-1,-5,5,-8,5,-7,-8,12,8
"115",1,5,1,7,15,0,5,20,12,3,-4,17,9,3,-10,10,-11,-1,-4,3,-5,8,-5,-10,13,9
"116",1,5,1,8,19,0,1,20,13,3,-5,18,13,-1,-16,3,-10,-2,-5,4,-5,7,-6,-9,13,10
"117",1,5,1,9,16,1,3,20,10,0,-4,17,19,7,-10,11,-10,-2,-7,3,-10,16,-6,-9,13,9
"118",1,5,2,1,1,18,1,20,10,13,-1,10,13,-1,-14,20,-12,-6,-2,4,-13,11,-9,-9,11,4
"119",1,5,2,2,11,5,4,20,10,13,-9,14,14,-1,-13,20,-8,-5,-1,3,-14,11,-9,-7,11,4
"120",1,5,2,3,1,19,0,20,10,14,0,11,12,0,-14,20,-12,-4,-1,3,-13,10,-9,-7,11,4
"121",1,5,2,4,0,19,1,20,10,13,-1,14,14,-2,-15,20,-13,-5,0,7,-14,11,-9,-7,10,5
"122",1,5,2,5,1,19,0,20,10,13,1,10,13,-1,-12,20,-11,-5,-1,4,-14,11,-9,-7,11,5
"123",1,5,2,6,2,16,2,20,10,14,3,3,13,-2,-12,19,-12,-5,-1,4,-15,13,-8,-7,11,4
"124",1,5,2,7,2,18,0,20,11,14,-1,12,13,-3,-14,20,-12,-6,0,2,-14,11,-10,-7,12,5
"125",1,5,2,8,1,19,0,20,11,12,1,10,13,-1,-13,20,-12,-6,-2,3,-15,11,-8,-8,11,3
"126",1,5,2,9,1,19,0,20,10,13,-1,11,13,-1,-12,20,-12,-5,0,2,-12,11,-8,-7,11,4
"127",1,5,3,1,1,1,18,20,14,-1,-3,19,9,-5,-10,9,-6,-13,-2,0,-13,19,-3,-12,13,5
"128",1,5,3,2,2,0,18,20,14,-2,-5,20,9,-4,-10,11,-8,-14,-3,-1,-13,23,-4,-11,11,5
"129",1,5,3,3,2,0,18,20,15,-2,-4,19,10,-5,-10,8,-5,-12,-3,0,-14,20,-2,-13,12,6
"130",1,5,3,4,2,1,17,20,15,-2,-5,19,8,-10,-10,8,-6,-14,-3,0,-13,18,-4,-12,11,6
"131",1,5,3,5,4,1,15,20,15,-3,-4,20,9,-4,-10,9,-6,-14,-3,0,-12,10,-3,-12,12,5
"132",1,5,3,6,1,0,19,20,15,-2,-5,21,9,-4,-10,9,-7,-14,-3,0,-13,19,-4,-11,13,5
"133",1,5,3,7,1,0,19,20,15,-3,-5,20,8,-5,-10,8,-7,-11,-3,0,-13,19,-3,-12,13,4
"134",1,5,3,8,2,1,17,20,15,-3,-5,20,9,-5,-10,9,-7,-13,-3,0,-13,19,-3,-13,13,6
"135",1,5,3,9,1,0,19,20,16,-3,-5,20,9,-5,-10,9,-6,-13,-1,8,-11,21,-3,-13,12,5
"136",1,6,1,1,18,2,0,20,13,-7,4,12,14,-2,-16,9,-11,-1,-6,0,-5,8,-6,-9,17,5
"137",1,6,1,2,13,3,4,20,13,3,-5,18,11,-4,-10,10,-10,-2,-6,5,-5,8,-1,-11,13,9
"138",1,6,1,3,12,6,2,20,13,2,-6,20,13,-3,-10,10,-11,-1,1,8,-9,3,-7,-8,12,10
"139",1,6,1,4,18,2,0,20,13,3,-5,19,14,-2,-10,10,-12,-1,-6,5,-6,8,-5,-10,12,11
"140",1,6,1,5,18,0,2,20,13,3,-6,21,23,3,-10,10,-11,-1,-6,4,-3,6,-6,-8,13,8
"141",1,6,1,6,18,2,0,20,13,2,-4,17,14,-2,-11,11,-11,-1,-5,5,-8,5,-7,-8,12,8
"142",1,6,1,7,18,2,0,20,12,3,-4,17,9,3,-10,10,-11,-1,-4,3,-5,8,-5,-10,13,9
"143",1,6,1,8,19,0,1,20,13,3,-5,18,13,-1,-16,3,-10,-2,-5,4,-5,7,-6,-9,13,10
"144",1,6,1,9,18,0,2,20,10,0,-4,17,19,7,-10,11,-10,-2,-7,3,-10,16,-6,-9,13,9
"145",1,6,2,1,1,18,1,20,10,13,-1,10,13,-1,-14,20,-12,-6,-2,4,-13,11,-9,-9,11,4
"146",1,6,2,2,9,8,3,20,10,13,-9,14,14,-1,-13,20,-8,-5,-1,3,-14,11,-9,-7,11,4
"147",1,6,2,3,0,20,0,20,10,14,0,11,12,0,-14,20,-12,-4,-1,3,-13,10,-9,-7,11,4
"148",1,6,2,4,0,20,0,20,10,13,-1,14,14,-2,-15,20,-13,-5,0,7,-14,11,-9,-7,10,5
"149",1,6,2,5,1,19,0,20,10,13,1,10,13,-1,-12,20,-11,-5,-1,4,-14,11,-9,-7,11,5
"150",1,6,2,6,1,18,1,20,10,14,3,3,13,-2,-12,19,-12,-5,-1,4,-15,13,-8,-7,11,4
"151",1,6,2,7,0,20,0,20,11,14,-1,12,13,-3,-14,20,-12,-6,0,2,-14,11,-10,-7,12,5
"152",1,6,2,8,1,19,0,20,11,12,1,10,13,-1,-13,20,-12,-6,-2,3,-15,11,-8,-8,11,3
"153",1,6,2,9,0,20,0,20,10,13,-1,11,13,-1,-12,20,-12,-5,0,2,-12,11,-8,-7,11,4
"154",1,6,3,1,1,1,18,20,14,-1,-3,19,9,-5,-10,9,-6,-13,-2,0,-13,19,-3,-12,13,5
"155",1,6,3,2,2,0,18,20,14,-2,-5,20,9,-4,-10,11,-8,-14,-3,-1,-13,23,-4,-11,11,5
"156",1,6,3,3,0,3,17,20,15,-2,-4,19,10,-5,-10,8,-5,-12,-3,0,-14,20,-2,-13,12,6
"157",1,6,3,4,3,0,17,20,15,-2,-5,19,8,-10,-10,8,-6,-14,-3,0,-13,18,-4,-12,11,6
"158",1,6,3,5,3,1,16,20,15,-3,-4,20,9,-4,-10,9,-6,-14,-3,0,-12,10,-3,-12,12,5
"159",1,6,3,6,1,0,19,20,15,-2,-5,21,9,-4,-10,9,-7,-14,-3,0,-13,19,-4,-11,13,5
"160",1,6,3,7,1,1,18,20,15,-3,-5,20,8,-5,-10,8,-7,-11,-3,0,-13,19,-3,-12,13,4
"161",1,6,3,8,1,0,19,20,15,-3,-5,20,9,-5,-10,9,-7,-13,-3,0,-13,19,-3,-13,13,6
"162",1,6,3,9,1,0,19,20,16,-3,-5,20,9,-5,-10,9,-6,-13,-1,8,-11,21,-3,-13,12,5
"163",1,7,1,1,16,2,2,20,13,-7,4,12,14,-2,-16,9,-11,-1,-6,0,-5,8,-6,-9,17,5
"164",1,7,1,2,17,2,1,20,13,3,-5,18,11,-4,-10,10,-10,-2,-6,5,-5,8,-1,-11,13,9
"165",1,7,1,3,9,10,1,20,13,2,-6,20,13,-3,-10,10,-11,-1,1,8,-9,3,-7,-8,12,10
"166",1,7,1,4,18,2,0,20,13,3,-5,19,14,-2,-10,10,-12,-1,-6,5,-6,8,-5,-10,12,11
"167",1,7,1,5,17,1,2,20,13,3,-6,21,23,3,-10,10,-11,-1,-6,4,-3,6,-6,-8,13,8
"168",1,7,1,6,20,0,0,20,13,2,-4,17,14,-2,-11,11,-11,-1,-5,5,-8,5,-7,-8,12,8
"169",1,7,1,7,16,1,3,20,12,3,-4,17,9,3,-10,10,-11,-1,-4,3,-5,8,-5,-10,13,9
"170",1,7,1,8,19,1,0,20,13,3,-5,18,13,-1,-16,3,-10,-2,-5,4,-5,7,-6,-9,13,10
"171",1,7,1,9,17,2,1,20,10,0,-4,17,19,7,-10,11,-10,-2,-7,3,-10,16,-6,-9,13,9
"172",1,7,2,1,1,19,0,20,10,13,-1,10,13,-1,-14,20,-12,-6,-2,4,-13,11,-9,-9,11,4
"173",1,7,2,2,7,10,3,20,10,13,-9,14,14,-1,-13,20,-8,-5,-1,3,-14,11,-9,-7,11,4
"174",1,7,2,3,2,18,0,20,10,14,0,11,12,0,-14,20,-12,-4,-1,3,-13,10,-9,-7,11,4
"175",1,7,2,4,0,20,0,20,10,13,-1,14,14,-2,-15,20,-13,-5,0,7,-14,11,-9,-7,10,5
"176",1,7,2,5,1,19,0,20,10,13,1,10,13,-1,-12,20,-11,-5,-1,4,-14,11,-9,-7,11,5
"177",1,7,2,6,1,18,1,20,10,14,3,3,13,-2,-12,19,-12,-5,-1,4,-15,13,-8,-7,11,4
"178",1,7,2,7,0,20,0,20,11,14,-1,12,13,-3,-14,20,-12,-6,0,2,-14,11,-10,-7,12,5
"179",1,7,2,8,1,18,1,20,11,12,1,10,13,-1,-13,20,-12,-6,-2,3,-15,11,-8,-8,11,3
"180",1,7,2,9,0,19,1,20,10,13,-1,11,13,-1,-12,20,-12,-5,0,2,-12,11,-8,-7,11,4
"181",1,7,3,1,0,1,19,20,14,-1,-3,19,9,-5,-10,9,-6,-13,-2,0,-13,19,-3,-12,13,5
"182",1,7,3,2,1,0,19,20,14,-2,-5,20,9,-4,-10,11,-8,-14,-3,-1,-13,23,-4,-11,11,5
"183",1,7,3,3,0,0,20,20,15,-2,-4,19,10,-5,-10,8,-5,-12,-3,0,-14,20,-2,-13,12,6
"184",1,7,3,4,2,0,18,20,15,-2,-5,19,8,-10,-10,8,-6,-14,-3,0,-13,18,-4,-12,11,6
"185",1,7,3,5,1,1,18,20,15,-3,-4,20,9,-4,-10,9,-6,-14,-3,0,-12,10,-3,-12,12,5
"186",1,7,3,6,0,0,20,20,15,-2,-5,21,9,-4,-10,9,-7,-14,-3,0,-13,19,-4,-11,13,5
"187",1,7,3,7,0,1,19,20,15,-3,-5,20,8,-5,-10,8,-7,-11,-3,0,-13,19,-3,-12,13,4
"188",1,7,3,8,0,2,18,20,15,-3,-5,20,9,-5,-10,9,-7,-13,-3,0,-13,19,-3,-13,13,6
"189",1,7,3,9,0,1,19,20,16,-3,-5,20,9,-5,-10,9,-6,-13,-1,8,-11,21,-3,-13,12,5
"190",1,8,1,1,18,1,1,20,13,-7,4,12,14,-2,-16,9,-11,-1,-6,0,-5,8,-6,-9,17,5
"191",1,8,1,2,17,2,1,20,13,3,-5,18,11,-4,-10,10,-10,-2,-6,5,-5,8,-1,-11,13,9
"192",1,8,1,3,12,7,1,20,13,2,-6,20,13,-3,-10,10,-11,-1,1,8,-9,3,-7,-8,12,10
"193",1,8,1,4,19,1,0,20,13,3,-5,19,14,-2,-10,10,-12,-1,-6,5,-6,8,-5,-10,12,11
"194",1,8,1,5,20,0,0,20,13,3,-6,21,23,3,-10,10,-11,-1,-6,4,-3,6,-6,-8,13,8
"195",1,8,1,6,20,0,0,20,13,2,-4,17,14,-2,-11,11,-11,-1,-5,5,-8,5,-7,-8,12,8
"196",1,8,1,7,20,0,0,20,12,3,-4,17,9,3,-10,10,-11,-1,-4,3,-5,8,-5,-10,13,9
"197",1,8,1,8,19,1,0,20,13,3,-5,18,13,-1,-16,3,-10,-2,-5,4,-5,7,-6,-9,13,10
"198",1,8,1,9,20,0,0,20,10,0,-4,17,19,7,-10,11,-10,-2,-7,3,-10,16,-6,-9,13,9
"199",1,8,2,1,0,20,0,20,10,13,-1,10,13,-1,-14,20,-12,-6,-2,4,-13,11,-9,-9,11,4
"200",1,8,2,2,10,7,3,20,10,13,-9,14,14,-1,-13,20,-8,-5,-1,3,-14,11,-9,-7,11,4
"201",1,8,2,3,0,20,0,20,10,14,0,11,12,0,-14,20,-12,-4,-1,3,-13,10,-9,-7,11,4
"202",1,8,2,4,1,18,1,20,10,13,-1,14,14,-2,-15,20,-13,-5,0,7,-14,11,-9,-7,10,5
"203",1,8,2,5,1,19,0,20,10,13,1,10,13,-1,-12,20,-11,-5,-1,4,-14,11,-9,-7,11,5
"204",1,8,2,6,0,17,3,20,10,14,3,3,13,-2,-12,19,-12,-5,-1,4,-15,13,-8,-7,11,4
"205",1,8,2,7,0,20,0,20,11,14,-1,12,13,-3,-14,20,-12,-6,0,2,-14,11,-10,-7,12,5
"206",1,8,2,8,0,19,1,20,11,12,1,10,13,-1,-13,20,-12,-6,-2,3,-15,11,-8,-8,11,3
"207",1,8,2,9,0,20,0,20,10,13,-1,11,13,-1,-12,20,-12,-5,0,2,-12,11,-8,-7,11,4
"208",1,8,3,1,1,1,18,20,14,-1,-3,19,9,-5,-10,9,-6,-13,-2,0,-13,19,-3,-12,13,5
"209",1,8,3,2,1,0,19,20,14,-2,-5,20,9,-4,-10,11,-8,-14,-3,-1,-13,23,-4,-11,11,5
"210",1,8,3,3,1,0,19,20,15,-2,-4,19,10,-5,-10,8,-5,-12,-3,0,-14,20,-2,-13,12,6
"211",1,8,3,4,0,1,19,20,15,-2,-5,19,8,-10,-10,8,-6,-14,-3,0,-13,18,-4,-12,11,6
"212",1,8,3,5,0,2,18,20,15,-3,-4,20,9,-4,-10,9,-6,-14,-3,0,-12,10,-3,-12,12,5
"213",1,8,3,6,0,0,20,20,15,-2,-5,21,9,-4,-10,9,-7,-14,-3,0,-13,19,-4,-11,13,5
"214",1,8,3,7,0,1,19,20,15,-3,-5,20,8,-5,-10,8,-7,-11,-3,0,-13,19,-3,-12,13,4
"215",1,8,3,8,1,1,18,20,15,-3,-5,20,9,-5,-10,9,-7,-13,-3,0,-13,19,-3,-13,13,6
"216",1,8,3,9,2,1,17,20,16,-3,-5,20,9,-5,-10,9,-6,-13,-1,8,-11,21,-3,-13,12,5
"217",1,9,1,1,20,0,0,20,13,-7,4,12,14,-2,-16,9,-11,-1,-6,0,-5,8,-6,-9,17,5
"218",1,9,1,2,18,0,2,20,13,3,-5,18,11,-4,-10,10,-10,-2,-6,5,-5,8,-1,-11,13,9
"219",1,9,1,3,17,2,1,20,13,2,-6,20,13,-3,-10,10,-11,-1,1,8,-9,3,-7,-8,12,10
"220",1,9,1,4,20,0,0,20,13,3,-5,19,14,-2,-10,10,-12,-1,-6,5,-6,8,-5,-10,12,11
"221",1,9,1,5,18,2,0,20,13,3,-6,21,23,3,-10,10,-11,-1,-6,4,-3,6,-6,-8,13,8
"222",1,9,1,6,20,0,0,20,13,2,-4,17,14,-2,-11,11,-11,-1,-5,5,-8,5,-7,-8,12,8
"223",1,9,1,7,20,0,0,20,12,3,-4,17,9,3,-10,10,-11,-1,-4,3,-5,8,-5,-10,13,9
"224",1,9,1,8,20,0,0,20,13,3,-5,18,13,-1,-16,3,-10,-2,-5,4,-5,7,-6,-9,13,10
"225",1,9,1,9,17,1,2,20,10,0,-4,17,19,7,-10,11,-10,-2,-7,3,-10,16,-6,-9,13,9
"226",1,9,2,1,0,20,0,20,10,13,-1,10,13,-1,-14,20,-12,-6,-2,4,-13,11,-9,-9,11,4
"227",1,9,2,2,9,9,2,20,10,13,-9,14,14,-1,-13,20,-8,-5,-1,3,-14,11,-9,-7,11,4
"228",1,9,2,3,0,20,0,20,10,14,0,11,12,0,-14,20,-12,-4,-1,3,-13,10,-9,-7,11,4
"229",1,9,2,4,0,19,1,20,10,13,-1,14,14,-2,-15,20,-13,-5,0,7,-14,11,-9,-7,10,5
"230",1,9,2,5,0,19,1,20,10,13,1,10,13,-1,-12,20,-11,-5,-1,4,-14,11,-9,-7,11,5
"231",1,9,2,6,1,19,0,20,10,14,3,3,13,-2,-12,19,-12,-5,-1,4,-15,13,-8,-7,11,4
"232",1,9,2,7,0,20,0,20,11,14,-1,12,13,-3,-14,20,-12,-6,0,2,-14,11,-10,-7,12,5
"233",1,9,2,8,0,19,1,20,11,12,1,10,13,-1,-13,20,-12,-6,-2,3,-15,11,-8,-8,11,3
"234",1,9,2,9,0,20,0,20,10,13,-1,11,13,-1,-12,20,-12,-5,0,2,-12,11,-8,-7,11,4
"235",1,9,3,1,1,1,18,20,14,-1,-3,19,9,-5,-10,9,-6,-13,-2,0,-13,19,-3,-12,13,5
"236",1,9,3,2,0,0,20,20,14,-2,-5,20,9,-4,-10,11,-8,-14,-3,-1,-13,23,-4,-11,11,5
"237",1,9,3,3,1,0,19,20,15,-2,-4,19,10,-5,-10,8,-5,-12,-3,0,-14,20,-2,-13,12,6
"238",1,9,3,4,3,1,16,20,15,-2,-5,19,8,-10,-10,8,-6,-14,-3,0,-13,18,-4,-12,11,6
"239",1,9,3,5,0,1,19,20,15,-3,-4,20,9,-4,-10,9,-6,-14,-3,0,-12,10,-3,-12,12,5
"240",1,9,3,6,0,1,19,20,15,-2,-5,21,9,-4,-10,9,-7,-14,-3,0,-13,19,-4,-11,13,5
"241",1,9,3,7,1,1,18,20,15,-3,-5,20,8,-5,-10,8,-7,-11,-3,0,-13,19,-3,-12,13,4
"242",1,9,3,8,1,0,19,20,15,-3,-5,20,9,-5,-10,9,-7,-13,-3,0,-13,19,-3,-13,13,6
"243",1,9,3,9,2,1,17,20,16,-3,-5,20,9,-5,-10,9,-6,-13,-1,8,-11,21,-3,-13,12,5
"244",1,10,1,1,19,1,0,20,13,-7,4,12,14,-2,-16,9,-11,-1,-6,0,-5,8,-6,-9,17,5
"245",1,10,1,2,17,2,1,20,13,3,-5,18,11,-4,-10,10,-10,-2,-6,5,-5,8,-1,-11,13,9
"246",1,10,1,3,17,3,0,20,13,2,-6,20,13,-3,-10,10,-11,-1,1,8,-9,3,-7,-8,12,10
"247",1,10,1,4,20,0,0,20,13,3,-5,19,14,-2,-10,10,-12,-1,-6,5,-6,8,-5,-10,12,11
"248",1,10,1,5,19,1,0,20,13,3,-6,21,23,3,-10,10,-11,-1,-6,4,-3,6,-6,-8,13,8
"249",1,10,1,6,20,0,0,20,13,2,-4,17,14,-2,-11,11,-11,-1,-5,5,-8,5,-7,-8,12,8
"250",1,10,1,7,20,0,0,20,12,3,-4,17,9,3,-10,10,-11,-1,-4,3,-5,8,-5,-10,13,9
"251",1,10,1,8,20,0,0,20,13,3,-5,18,13,-1,-16,3,-10,-2,-5,4,-5,7,-6,-9,13,10
"252",1,10,1,9,20,0,0,20,10,0,-4,17,19,7,-10,11,-10,-2,-7,3,-10,16,-6,-9,13,9
"253",1,10,2,1,1,19,0,20,10,13,-1,10,13,-1,-14,20,-12,-6,-2,4,-13,11,-9,-9,11,4
"254",1,10,2,2,8,11,1,20,10,13,-9,14,14,-1,-13,20,-8,-5,-1,3,-14,11,-9,-7,11,4
"255",1,10,2,3,0,20,0,20,10,14,0,11,12,0,-14,20,-12,-4,-1,3,-13,10,-9,-7,11,4
"256",1,10,2,4,0,20,0,20,10,13,-1,14,14,-2,-15,20,-13,-5,0,7,-14,11,-9,-7,10,5
"257",1,10,2,5,1,18,1,20,10,13,1,10,13,-1,-12,20,-11,-5,-1,4,-14,11,-9,-7,11,5
"258",1,10,2,6,1,18,1,20,10,14,3,3,13,-2,-12,19,-12,-5,-1,4,-15,13,-8,-7,11,4
"259",1,10,2,7,0,20,0,20,11,14,-1,12,13,-3,-14,20,-12,-6,0,2,-14,11,-10,-7,12,5
"260",1,10,2,8,0,20,0,20,11,12,1,10,13,-1,-13,20,-12,-6,-2,3,-15,11,-8,-8,11,3
"261",1,10,2,9,0,18,2,20,10,13,-1,11,13,-1,-12,20,-12,-5,0,2,-12,11,-8,-7,11,4
"262",1,10,3,1,0,0,20,20,14,-1,-3,19,9,-5,-10,9,-6,-13,-2,0,-13,19,-3,-12,13,5
"263",1,10,3,2,0,0,20,20,14,-2,-5,20,9,-4,-10,11,-8,-14,-3,-1,-13,23,-4,-11,11,5
"264",1,10,3,3,0,0,20,20,15,-2,-4,19,10,-5,-10,8,-5,-12,-3,0,-14,20,-2,-13,12,6
"265",1,10,3,4,0,0,20,20,15,-2,-5,19,8,-10,-10,8,-6,-14,-3,0,-13,18,-4,-12,11,6
"266",1,10,3,5,0,1,19,20,15,-3,-4,20,9,-4,-10,9,-6,-14,-3,0,-12,10,-3,-12,12,5
"267",1,10,3,6,0,0,20,20,15,-2,-5,21,9,-4,-10,9,-7,-14,-3,0,-13,19,-4,-11,13,5
"268",1,10,3,7,0,1,19,20,15,-3,-5,20,8,-5,-10,8,-7,-11,-3,0,-13,19,-3,-12,13,4
"269",1,10,3,8,1,0,19,20,15,-3,-5,20,9,-5,-10,9,-7,-13,-3,0,-13,19,-3,-13,13,6
"270",1,10,3,9,1,1,18,20,16,-3,-5,20,9,-5,-10,9,-6,-13,-1,8,-11,21,-3,-13,12,5
"271",2,1,1,1,29,21,13,63,11,3,-5,19,16,-3,-9,9,-13,6,-12,-1,-11,17,-6,-8,14,11
"272",2,1,1,2,33,15,15,63,15,2,-9,22,15,-2,-8,12,-9,-2,-4,3,-3,6,-6,-8,12,11
"273",2,1,1,3,32,17,14,63,13,4,-6,19,15,-1,-9,9,-10,3,-4,4,-6,7,-6,-11,14,10
"274",2,1,1,4,30,20,13,63,13,2,-4,18,17,-4,-9,12,-10,-3,-4,4,-4,9,-7,-8,11,10
"275",2,1,1,5,27,29,7,63,12,3,-5,17,13,-1,-6,20,-12,-1,0,7,-4,8,-5,-1,14,9
"276",2,1,1,6,19,27,17,63,17,7,-6,20,16,-4,-8,11,-6,4,-4,9,-10,8,-14,-9,8,7
"277",2,1,1,7,34,17,12,63,12,4,-5,16,13,-2,-15,11,-12,1,-4,4,-6,8,-8,-10,14,8
"278",2,1,1,8,22,28,13,63,15,4,-12,16,14,-1,-7,7,-19,6,-6,2,0,3,-10,-11,11,10
"279",2,1,1,9,33,20,10,63,12,3,-6,20,11,7,-11,14,-9,0,-5,6,-5,9,-7,-9,15,11
"280",2,1,2,1,18,29,16,63,10,14,0,13,18,2,-13,21,-14,-6,0,3,-16,11,-11,-9,10,2
"281",2,1,2,2,15,35,13,63,12,13,-1,11,12,-5,-15,24,-11,-7,-2,3,-15,9,-7,-9,10,4
"282",2,1,2,3,23,18,22,63,12,10,6,6,17,1,-11,20,-12,-7,1,1,-15,11,-10,3,9,3
"283",2,1,2,4,20,28,15,63,10,14,-4,11,14,-1,-12,22,-10,-8,0,2,-13,11,-9,-3,21,2
"284",2,1,2,5,20,28,15,63,12,12,1,10,15,-3,-12,20,-12,-8,-3,1,-18,12,-10,-10,10,4
"285",2,1,2,6,16,30,17,63,11,13,-5,13,21,1,-14,19,-11,-4,1,3,-4,6,-7,-9,5,4
"286",2,1,2,7,26,20,17,63,10,9,-3,6,14,-1,-12,19,-14,-10,-9,6,-13,10,-7,-9,10,2
"287",2,1,2,8,20,29,14,63,11,11,-2,11,12,-1,-15,20,-13,-7,-3,3,-16,10,-10,-6,9,4
"288",2,1,2,9,21,28,14,63,5,9,-2,13,9,-6,-13,18,-11,-7,-1,1,-13,12,-8,-8,10,2
"289",2,1,3,1,26,21,16,63,13,8,-7,19,4,-3,-11,9,-3,-3,-5,2,-12,18,-2,-13,12,6
"290",2,1,3,2,19,17,27,63,15,-1,-10,16,10,-4,-8,19,-5,-13,-4,-5,-14,19,-2,-11,10,7
"291",2,1,3,3,12,21,30,63,14,-3,0,22,8,-3,-8,8,-8,-13,3,1,-14,19,1,-16,14,4
"292",2,1,3,4,20,22,21,63,17,2,-4,16,16,-10,-11,10,-12,-12,-5,1,-9,22,-1,-11,12,4
"293",2,1,3,5,18,17,28,63,17,-2,-14,17,8,-5,-10,10,-5,-15,-2,-1,-11,20,-2,-11,13,6
"294",2,1,3,6,20,21,22,63,14,-3,-14,14,9,-5,-2,12,-4,-10,-13,-1,-11,20,5,-9,13,5
"295",2,1,3,7,21,29,13,63,14,-2,-2,12,8,-7,-9,9,-9,-10,-2,-1,-12,18,-5,-8,16,8
"296",2,1,3,8,15,20,28,63,14,-2,-7,19,6,-6,-11,9,-8,-15,-3,1,-11,18,-2,-13,12,6
"297",2,1,3,9,12,27,24,63,17,-2,-6,19,9,-3,-3,12,-4,-13,-7,-5,-18,20,-2,-14,9,10
"298",2,2,1,1,34,12,17,63,11,3,-5,19,16,-3,-9,9,-13,6,-12,-1,-11,17,-6,-8,14,11
"299",2,2,1,2,38,11,14,63,15,2,-9,22,15,-2,-8,12,-9,-2,-4,3,-3,6,-6,-8,12,11
"300",2,2,1,3,40,19,4,63,13,4,-6,19,15,-1,-9,9,-10,3,-4,4,-6,7,-6,-11,14,10
"301",2,2,1,4,34,18,11,63,13,2,-4,18,17,-4,-9,12,-10,-3,-4,4,-4,9,-7,-8,11,10
"302",2,2,1,5,33,19,11,63,12,3,-5,17,13,-1,-6,20,-12,-1,0,7,-4,8,-5,-1,14,9
"303",2,2,1,6,27,20,16,63,17,7,-6,20,16,-4,-8,11,-6,4,-4,9,-10,8,-14,-9,8,7
"304",2,2,1,7,34,23,6,63,12,4,-5,16,13,-2,-15,11,-12,1,-4,4,-6,8,-8,-10,14,8
"305",2,2,1,8,20,33,10,63,15,4,-12,16,14,-1,-7,7,-19,6,-6,2,0,3,-10,-11,11,10
"306",2,2,1,9,47,9,7,63,12,3,-6,20,11,7,-11,14,-9,0,-5,6,-5,9,-7,-9,15,11
"307",2,2,2,1,15,20,28,63,10,14,0,13,18,2,-13,21,-14,-6,0,3,-16,11,-11,-9,10,2
"308",2,2,2,2,19,29,15,63,12,13,-1,11,12,-5,-15,24,-11,-7,-2,3,-15,9,-7,-9,10,4
"309",2,2,2,3,20,19,24,63,12,10,6,6,17,1,-11,20,-12,-7,1,1,-15,11,-10,3,9,3
"310",2,2,2,4,16,27,20,63,10,14,-4,11,14,-1,-12,22,-10,-8,0,2,-13,11,-9,-3,21,2
"311",2,2,2,5,20,26,17,63,12,12,1,10,15,-3,-12,20,-12,-8,-3,1,-18,12,-10,-10,10,4
"312",2,2,2,6,12,33,18,63,11,13,-5,13,21,1,-14,19,-11,-4,1,3,-4,6,-7,-9,5,4
"313",2,2,2,7,26,16,21,63,10,9,-3,6,14,-1,-12,19,-14,-10,-9,6,-13,10,-7,-9,10,2
"314",2,2,2,8,22,27,14,63,11,11,-2,11,12,-1,-15,20,-13,-7,-3,3,-16,10,-10,-6,9,4
"315",2,2,2,9,12,32,19,63,5,9,-2,13,9,-6,-13,18,-11,-7,-1,1,-13,12,-8,-8,10,2
"316",2,2,3,1,28,20,15,63,13,8,-7,19,4,-3,-11,9,-3,-3,-5,2,-12,18,-2,-13,12,6
"317",2,2,3,2,13,16,34,63,15,-1,-10,16,10,-4,-8,19,-5,-13,-4,-5,-14,19,-2,-11,10,7
"318",2,2,3,3,6,26,31,63,14,-3,0,22,8,-3,-8,8,-8,-13,3,1,-14,19,1,-16,14,4
"319",2,2,3,4,11,20,32,63,17,2,-4,16,16,-10,-11,10,-12,-12,-5,1,-9,22,-1,-11,12,4
"320",2,2,3,5,14,22,27,63,17,-2,-14,17,8,-5,-10,10,-5,-15,-2,-1,-11,20,-2,-11,13,6
"321",2,2,3,6,6,27,30,63,14,-3,-14,14,9,-5,-2,12,-4,-10,-13,-1,-11,20,5,-9,13,5
"322",2,2,3,7,11,27,25,63,14,-2,-2,12,8,-7,-9,9,-9,-10,-2,-1,-12,18,-5,-8,16,8
"323",2,2,3,8,12,23,28,63,14,-2,-7,19,6,-6,-11,9,-8,-15,-3,1,-11,18,-2,-13,12,6
"324",2,2,3,9,8,21,34,63,17,-2,-6,19,9,-3,-3,12,-4,-13,-7,-5,-18,20,-2,-14,9,10
"325",2,3,1,1,42,12,9,63,11,3,-5,19,16,-3,-9,9,-13,6,-12,-1,-11,17,-6,-8,14,11
"326",2,3,1,2,39,14,10,63,15,2,-9,22,15,-2,-8,12,-9,-2,-4,3,-3,6,-6,-8,12,11
"327",2,3,1,3,44,12,7,63,13,4,-6,19,15,-1,-9,9,-10,3,-4,4,-6,7,-6,-11,14,10
"328",2,3,1,4,40,16,7,63,13,2,-4,18,17,-4,-9,12,-10,-3,-4,4,-4,9,-7,-8,11,10
"329",2,3,1,5,30,21,12,63,12,3,-5,17,13,-1,-6,20,-12,-1,0,7,-4,8,-5,-1,14,9
"330",2,3,1,6,20,29,14,63,17,7,-6,20,16,-4,-8,11,-6,4,-4,9,-10,8,-14,-9,8,7
"331",2,3,1,7,41,14,8,63,12,4,-5,16,13,-2,-15,11,-12,1,-4,4,-6,8,-8,-10,14,8
"332",2,3,1,8,14,33,16,63,15,4,-12,16,14,-1,-7,7,-19,6,-6,2,0,3,-10,-11,11,10
"333",2,3,1,9,50,7,6,63,12,3,-6,20,11,7,-11,14,-9,0,-5,6,-5,9,-7,-9,15,11
"334",2,3,2,1,26,24,13,63,10,14,0,13,18,2,-13,21,-14,-6,0,3,-16,11,-11,-9,10,2
"335",2,3,2,2,12,35,16,63,12,13,-1,11,12,-5,-15,24,-11,-7,-2,3,-15,9,-7,-9,10,4
"336",2,3,2,3,19,28,16,63,12,10,6,6,17,1,-11,20,-12,-7,1,1,-15,11,-10,3,9,3
"337",2,3,2,4,13,28,22,63,10,14,-4,11,14,-1,-12,22,-10,-8,0,2,-13,11,-9,-3,21,2
"338",2,3,2,5,17,30,16,63,12,12,1,10,15,-3,-12,20,-12,-8,-3,1,-18,12,-10,-10,10,4
"339",2,3,2,6,13,37,13,63,11,13,-5,13,21,1,-14,19,-11,-4,1,3,-4,6,-7,-9,5,4
"340",2,3,2,7,23,21,19,63,10,9,-3,6,14,-1,-12,19,-14,-10,-9,6,-13,10,-7,-9,10,2
"341",2,3,2,8,15,34,14,63,11,11,-2,11,12,-1,-15,20,-13,-7,-3,3,-16,10,-10,-6,9,4
"342",2,3,2,9,14,23,26,63,5,9,-2,13,9,-6,-13,18,-11,-7,-1,1,-13,12,-8,-8,10,2
"343",2,3,3,1,19,23,21,63,13,8,-7,19,4,-3,-11,9,-3,-3,-5,2,-12,18,-2,-13,12,6
"344",2,3,3,2,15,11,37,63,15,-1,-10,16,10,-4,-8,19,-5,-13,-4,-5,-14,19,-2,-11,10,7
"345",2,3,3,3,4,18,41,63,14,-3,0,22,8,-3,-8,8,-8,-13,3,1,-14,19,1,-16,14,4
"346",2,3,3,4,14,21,28,63,17,2,-4,16,16,-10,-11,10,-12,-12,-5,1,-9,22,-1,-11,12,4
"347",2,3,3,5,10,17,36,63,17,-2,-14,17,8,-5,-10,10,-5,-15,-2,-1,-11,20,-2,-11,13,6
"348",2,3,3,6,5,27,31,63,14,-3,-14,14,9,-5,-2,12,-4,-10,-13,-1,-11,20,5,-9,13,5
"349",2,3,3,7,13,27,23,63,14,-2,-2,12,8,-7,-9,9,-9,-10,-2,-1,-12,18,-5,-8,16,8
"350",2,3,3,8,10,19,34,63,14,-2,-7,19,6,-6,-11,9,-8,-15,-3,1,-11,18,-2,-13,12,6
"351",2,3,3,9,2,20,41,63,17,-2,-6,19,9,-3,-3,12,-4,-13,-7,-5,-18,20,-2,-14,9,10
"352",2,4,1,1,45,8,10,63,11,3,-5,19,16,-3,-9,9,-13,6,-12,-1,-11,17,-6,-8,14,11
"353",2,4,1,2,45,13,5,63,15,2,-9,22,15,-2,-8,12,-9,-2,-4,3,-3,6,-6,-8,12,11
"354",2,4,1,3,48,6,9,63,13,4,-6,19,15,-1,-9,9,-10,3,-4,4,-6,7,-6,-11,14,10
"355",2,4,1,4,44,11,8,63,13,2,-4,18,17,-4,-9,12,-10,-3,-4,4,-4,9,-7,-8,11,10
"356",2,4,1,5,26,27,10,63,12,3,-5,17,13,-1,-6,20,-12,-1,0,7,-4,8,-5,-1,14,9
"357",2,4,1,6,26,20,17,63,17,7,-6,20,16,-4,-8,11,-6,4,-4,9,-10,8,-14,-9,8,7
"358",2,4,1,7,41,10,12,63,12,4,-5,16,13,-2,-15,11,-12,1,-4,4,-6,8,-8,-10,14,8
"359",2,4,1,8,16,29,18,63,15,4,-12,16,14,-1,-7,7,-19,6,-6,2,0,3,-10,-11,11,10
"360",2,4,1,9,48,10,5,63,12,3,-6,20,11,7,-11,14,-9,0,-5,6,-5,9,-7,-9,15,11
"361",2,4,2,1,15,35,13,63,10,14,0,13,18,2,-13,21,-14,-6,0,3,-16,11,-11,-9,10,2
"362",2,4,2,2,11,39,13,63,12,13,-1,11,12,-5,-15,24,-11,-7,-2,3,-15,9,-7,-9,10,4
"363",2,4,2,3,27,20,16,63,12,10,6,6,17,1,-11,20,-12,-7,1,1,-15,11,-10,3,9,3
"364",2,4,2,4,14,33,16,63,10,14,-4,11,14,-1,-12,22,-10,-8,0,2,-13,11,-9,-3,21,2
"365",2,4,2,5,20,25,18,63,12,12,1,10,15,-3,-12,20,-12,-8,-3,1,-18,12,-10,-10,10,4
"366",2,4,2,6,11,41,11,63,11,13,-5,13,21,1,-14,19,-11,-4,1,3,-4,6,-7,-9,5,4
"367",2,4,2,7,26,25,12,63,10,9,-3,6,14,-1,-12,19,-14,-10,-9,6,-13,10,-7,-9,10,2
"368",2,4,2,8,18,38,7,63,11,11,-2,11,12,-1,-15,20,-13,-7,-3,3,-16,10,-10,-6,9,4
"369",2,4,2,9,13,30,20,63,5,9,-2,13,9,-6,-13,18,-11,-7,-1,1,-13,12,-8,-8,10,2
"370",2,4,3,1,17,14,32,63,13,8,-7,19,4,-3,-11,9,-3,-3,-5,2,-12,18,-2,-13,12,6
"371",2,4,3,2,13,5,45,63,15,-1,-10,16,10,-4,-8,19,-5,-13,-4,-5,-14,19,-2,-11,10,7
"372",2,4,3,3,5,21,37,63,14,-3,0,22,8,-3,-8,8,-8,-13,3,1,-14,19,1,-16,14,4
"373",2,4,3,4,12,22,29,63,17,2,-4,16,16,-10,-11,10,-12,-12,-5,1,-9,22,-1,-11,12,4
"374",2,4,3,5,9,15,39,63,17,-2,-14,17,8,-5,-10,10,-5,-15,-2,-1,-11,20,-2,-11,13,6
"375",2,4,3,6,8,20,35,63,14,-3,-14,14,9,-5,-2,12,-4,-10,-13,-1,-11,20,5,-9,13,5
"376",2,4,3,7,20,18,25,63,14,-2,-2,12,8,-7,-9,9,-9,-10,-2,-1,-12,18,-5,-8,16,8
"377",2,4,3,8,11,18,34,63,14,-2,-7,19,6,-6,-11,9,-8,-15,-3,1,-11,18,-2,-13,12,6
"378",2,4,3,9,7,21,35,63,17,-2,-6,19,9,-3,-3,12,-4,-13,-7,-5,-18,20,-2,-14,9,10
"379",2,5,1,1,47,4,12,63,11,3,-5,19,16,-3,-9,9,-13,6,-12,-1,-11,17,-6,-8,14,11
"380",2,5,1,2,48,8,7,63,15,2,-9,22,15,-2,-8,12,-9,-2,-4,3,-3,6,-6,-8,12,11
"381",2,5,1,3,51,8,4,63,13,4,-6,19,15,-1,-9,9,-10,3,-4,4,-6,7,-6,-11,14,10
"382",2,5,1,4,41,15,7,63,13,2,-4,18,17,-4,-9,12,-10,-3,-4,4,-4,9,-7,-8,11,10
"383",2,5,1,5,34,15,14,63,12,3,-5,17,13,-1,-6,20,-12,-1,0,7,-4,8,-5,-1,14,9
"384",2,5,1,6,27,27,9,63,17,7,-6,20,16,-4,-8,11,-6,4,-4,9,-10,8,-14,-9,8,7
"385",2,5,1,7,40,15,8,63,12,4,-5,16,13,-2,-15,11,-12,1,-4,4,-6,8,-8,-10,14,8
"386",2,5,1,8,21,32,10,63,15,4,-12,16,14,-1,-7,7,-19,6,-6,2,0,3,-10,-11,11,10
"387",2,5,1,9,46,11,6,63,12,3,-6,20,11,7,-11,14,-9,0,-5,6,-5,9,-7,-9,15,11
"388",2,5,2,1,17,28,18,63,10,14,0,13,18,2,-13,21,-14,-6,0,3,-16,11,-11,-9,10,2
"389",2,5,2,2,11,40,12,63,12,13,-1,11,12,-5,-15,24,-11,-7,-2,3,-15,9,-7,-9,10,4
"390",2,5,2,3,26,26,11,63,12,10,6,6,17,1,-11,20,-12,-7,1,1,-15,11,-10,3,9,3
"391",2,5,2,4,8,33,22,63,10,14,-4,11,14,-1,-12,22,-10,-8,0,2,-13,11,-9,-3,21,2
"392",2,5,2,5,13,40,10,63,12,12,1,10,15,-3,-12,20,-12,-8,-3,1,-18,12,-10,-10,10,4
"393",2,5,2,6,11,34,18,63,11,13,-5,13,21,1,-14,19,-11,-4,1,3,-4,6,-7,-9,5,4
"394",2,5,2,7,26,24,13,63,10,9,-3,6,14,-1,-12,19,-14,-10,-9,6,-13,10,-7,-9,10,2
"395",2,5,2,8,23,32,8,63,11,11,-2,11,12,-1,-15,20,-13,-7,-3,3,-16,10,-10,-6,9,4
"396",2,5,2,9,13,29,21,63,5,9,-2,13,9,-6,-13,18,-11,-7,-1,1,-13,12,-8,-8,10,2
"397",2,5,3,1,10,14,39,63,13,8,-7,19,4,-3,-11,9,-3,-3,-5,2,-12,18,-2,-13,12,6
"398",2,5,3,2,8,6,49,63,15,-1,-10,16,10,-4,-8,19,-5,-13,-4,-5,-14,19,-2,-11,10,7
"399",2,5,3,3,5,20,38,63,14,-3,0,22,8,-3,-8,8,-8,-13,3,1,-14,19,1,-16,14,4
"400",2,5,3,4,11,24,28,63,17,2,-4,16,16,-10,-11,10,-12,-12,-5,1,-9,22,-1,-11,12,4
"401",2,5,3,5,9,15,39,63,17,-2,-14,17,8,-5,-10,10,-5,-15,-2,-1,-11,20,-2,-11,13,6
"402",2,5,3,6,5,26,32,63,14,-3,-14,14,9,-5,-2,12,-4,-10,-13,-1,-11,20,5,-9,13,5
"403",2,5,3,7,15,26,22,63,14,-2,-2,12,8,-7,-9,9,-9,-10,-2,-1,-12,18,-5,-8,16,8
"404",2,5,3,8,10,19,34,63,14,-2,-7,19,6,-6,-11,9,-8,-15,-3,1,-11,18,-2,-13,12,6
"405",2,5,3,9,8,24,31,63,17,-2,-6,19,9,-3,-3,12,-4,-13,-7,-5,-18,20,-2,-14,9,10
"406",2,6,1,1,46,9,8,63,11,3,-5,19,16,-3,-9,9,-13,6,-12,-1,-11,17,-6,-8,14,11
"407",2,6,1,2,43,15,5,63,15,2,-9,22,15,-2,-8,12,-9,-2,-4,3,-3,6,-6,-8,12,11
"408",2,6,1,3,44,15,4,63,13,4,-6,19,15,-1,-9,9,-10,3,-4,4,-6,7,-6,-11,14,10
"409",2,6,1,4,40,15,8,63,13,2,-4,18,17,-4,-9,12,-10,-3,-4,4,-4,9,-7,-8,11,10
"410",2,6,1,5,39,14,10,63,12,3,-5,17,13,-1,-6,20,-12,-1,0,7,-4,8,-5,-1,14,9
"411",2,6,1,6,32,19,12,63,17,7,-6,20,16,-4,-8,11,-6,4,-4,9,-10,8,-14,-9,8,7
"412",2,6,1,7,44,14,5,63,12,4,-5,16,13,-2,-15,11,-12,1,-4,4,-6,8,-8,-10,14,8
"413",2,6,1,8,20,35,8,63,15,4,-12,16,14,-1,-7,7,-19,6,-6,2,0,3,-10,-11,11,10
"414",2,6,1,9,48,10,5,63,12,3,-6,20,11,7,-11,14,-9,0,-5,6,-5,9,-7,-9,15,11
"415",2,6,2,1,15,32,16,63,10,14,0,13,18,2,-13,21,-14,-6,0,3,-16,11,-11,-9,10,2
"416",2,6,2,2,11,43,9,63,12,13,-1,11,12,-5,-15,24,-11,-7,-2,3,-15,9,-7,-9,10,4
"417",2,6,2,3,24,23,16,63,12,10,6,6,17,1,-11,20,-12,-7,1,1,-15,11,-10,3,9,3
"418",2,6,2,4,8,32,23,63,10,14,-4,11,14,-1,-12,22,-10,-8,0,2,-13,11,-9,-3,21,2
"419",2,6,2,5,12,33,18,63,12,12,1,10,15,-3,-12,20,-12,-8,-3,1,-18,12,-10,-10,10,4
"420",2,6,2,6,5,35,23,63,11,13,-5,13,21,1,-14,19,-11,-4,1,3,-4,6,-7,-9,5,4
"421",2,6,2,7,24,23,16,63,10,9,-3,6,14,-1,-12,19,-14,-10,-9,6,-13,10,-7,-9,10,2
"422",2,6,2,8,21,34,8,63,11,11,-2,11,12,-1,-15,20,-13,-7,-3,3,-16,10,-10,-6,9,4
"423",2,6,2,9,10,31,22,63,5,9,-2,13,9,-6,-13,18,-11,-7,-1,1,-13,12,-8,-8,10,2
"424",2,6,3,1,12,13,38,63,13,8,-7,19,4,-3,-11,9,-3,-3,-5,2,-12,18,-2,-13,12,6
"425",2,6,3,2,8,9,46,63,15,-1,-10,16,10,-4,-8,19,-5,-13,-4,-5,-14,19,-2,-11,10,7
"426",2,6,3,3,7,23,33,63,14,-3,0,22,8,-3,-8,8,-8,-13,3,1,-14,19,1,-16,14,4
"427",2,6,3,4,10,23,30,63,17,2,-4,16,16,-10,-11,10,-12,-12,-5,1,-9,22,-1,-11,12,4
"428",2,6,3,5,7,14,42,63,17,-2,-14,17,8,-5,-10,10,-5,-15,-2,-1,-11,20,-2,-11,13,6
"429",2,6,3,6,6,27,30,63,14,-3,-14,14,9,-5,-2,12,-4,-10,-13,-1,-11,20,5,-9,13,5
"430",2,6,3,7,22,20,21,63,14,-2,-2,12,8,-7,-9,9,-9,-10,-2,-1,-12,18,-5,-8,16,8
"431",2,6,3,8,6,21,36,63,14,-2,-7,19,6,-6,-11,9,-8,-15,-3,1,-11,18,-2,-13,12,6
"432",2,6,3,9,7,30,26,63,17,-2,-6,19,9,-3,-3,12,-4,-13,-7,-5,-18,20,-2,-14,9,10
"433",2,7,1,1,49,8,6,63,11,3,-5,19,16,-3,-9,9,-13,6,-12,-1,-11,17,-6,-8,14,11
"434",2,7,1,2,50,11,2,63,15,2,-9,22,15,-2,-8,12,-9,-2,-4,3,-3,6,-6,-8,12,11
"435",2,7,1,3,44,12,7,63,13,4,-6,19,15,-1,-9,9,-10,3,-4,4,-6,7,-6,-11,14,10
"436",2,7,1,4,49,13,1,63,13,2,-4,18,17,-4,-9,12,-10,-3,-4,4,-4,9,-7,-8,11,10
"437",2,7,1,5,34,20,9,63,12,3,-5,17,13,-1,-6,20,-12,-1,0,7,-4,8,-5,-1,14,9
"438",2,7,1,6,24,29,10,63,17,7,-6,20,16,-4,-8,11,-6,4,-4,9,-10,8,-14,-9,8,7
"439",2,7,1,7,45,11,7,63,12,4,-5,16,13,-2,-15,11,-12,1,-4,4,-6,8,-8,-10,14,8
"440",2,7,1,8,20,29,14,63,15,4,-12,16,14,-1,-7,7,-19,6,-6,2,0,3,-10,-11,11,10
"441",2,7,1,9,52,8,3,63,12,3,-6,20,11,7,-11,14,-9,0,-5,6,-5,9,-7,-9,15,11
"442",2,7,2,1,16,35,12,63,10,14,0,13,18,2,-13,21,-14,-6,0,3,-16,11,-11,-9,10,2
"443",2,7,2,2,8,40,15,63,12,13,-1,11,12,-5,-15,24,-11,-7,-2,3,-15,9,-7,-9,10,4
"444",2,7,2,3,23,27,13,63,12,10,6,6,17,1,-11,20,-12,-7,1,1,-15,11,-10,3,9,3
"445",2,7,2,4,13,33,17,63,10,14,-4,11,14,-1,-12,22,-10,-8,0,2,-13,11,-9,-3,21,2
"446",2,7,2,5,13,42,8,63,12,12,1,10,15,-3,-12,20,-12,-8,-3,1,-18,12,-10,-10,10,4
"447",2,7,2,6,11,35,17,63,11,13,-5,13,21,1,-14,19,-11,-4,1,3,-4,6,-7,-9,5,4
"448",2,7,2,7,22,21,20,63,10,9,-3,6,14,-1,-12,19,-14,-10,-9,6,-13,10,-7,-9,10,2
"449",2,7,2,8,15,41,7,63,11,11,-2,11,12,-1,-15,20,-13,-7,-3,3,-16,10,-10,-6,9,4
"450",2,7,2,9,2,37,24,63,5,9,-2,13,9,-6,-13,18,-11,-7,-1,1,-13,12,-8,-8,10,2
"451",2,7,3,1,6,12,45,63,13,8,-7,19,4,-3,-11,9,-3,-3,-5,2,-12,18,-2,-13,12,6
"452",2,7,3,2,7,6,50,63,15,-1,-10,16,10,-4,-8,19,-5,-13,-4,-5,-14,19,-2,-11,10,7
"453",2,7,3,3,5,21,37,63,14,-3,0,22,8,-3,-8,8,-8,-13,3,1,-14,19,1,-16,14,4
"454",2,7,3,4,15,21,27,63,17,2,-4,16,16,-10,-11,10,-12,-12,-5,1,-9,22,-1,-11,12,4
"455",2,7,3,5,7,21,35,63,17,-2,-14,17,8,-5,-10,10,-5,-15,-2,-1,-11,20,-2,-11,13,6
"456",2,7,3,6,8,20,35,63,14,-3,-14,14,9,-5,-2,12,-4,-10,-13,-1,-11,20,5,-9,13,5
"457",2,7,3,7,17,15,31,63,14,-2,-2,12,8,-7,-9,9,-9,-10,-2,-1,-12,18,-5,-8,16,8
"458",2,7,3,8,7,17,39,63,14,-2,-7,19,6,-6,-11,9,-8,-15,-3,1,-11,18,-2,-13,12,6
"459",2,7,3,9,9,20,34,63,17,-2,-6,19,9,-3,-3,12,-4,-13,-7,-5,-18,20,-2,-14,9,10
"460",2,8,1,1,50,7,6,63,11,3,-5,19,16,-3,-9,9,-13,6,-12,-1,-11,17,-6,-8,14,11
"461",2,8,1,2,48,7,8,63,15,2,-9,22,15,-2,-8,12,-9,-2,-4,3,-3,6,-6,-8,12,11
"462",2,8,1,3,50,10,3,63,13,4,-6,19,15,-1,-9,9,-10,3,-4,4,-6,7,-6,-11,14,10
"463",2,8,1,4,52,8,3,63,13,2,-4,18,17,-4,-9,12,-10,-3,-4,4,-4,9,-7,-8,11,10
"464",2,8,1,5,32,22,9,63,12,3,-5,17,13,-1,-6,20,-12,-1,0,7,-4,8,-5,-1,14,9
"465",2,8,1,6,24,29,10,63,17,7,-6,20,16,-4,-8,11,-6,4,-4,9,-10,8,-14,-9,8,7
"466",2,8,1,7,44,14,5,63,12,4,-5,16,13,-2,-15,11,-12,1,-4,4,-6,8,-8,-10,14,8
"467",2,8,1,8,19,30,14,63,15,4,-12,16,14,-1,-7,7,-19,6,-6,2,0,3,-10,-11,11,10
"468",2,8,1,9,56,6,1,63,12,3,-6,20,11,7,-11,14,-9,0,-5,6,-5,9,-7,-9,15,11
"469",2,8,2,1,13,39,11,63,10,14,0,13,18,2,-13,21,-14,-6,0,3,-16,11,-11,-9,10,2
"470",2,8,2,2,13,42,8,63,12,13,-1,11,12,-5,-15,24,-11,-7,-2,3,-15,9,-7,-9,10,4
"471",2,8,2,3,23,26,14,63,12,10,6,6,17,1,-11,20,-12,-7,1,1,-15,11,-10,3,9,3
"472",2,8,2,4,7,32,24,63,10,14,-4,11,14,-1,-12,22,-10,-8,0,2,-13,11,-9,-3,21,2
"473",2,8,2,5,20,34,9,63,12,12,1,10,15,-3,-12,20,-12,-8,-3,1,-18,12,-10,-10,10,4
"474",2,8,2,6,10,35,18,63,11,13,-5,13,21,1,-14,19,-11,-4,1,3,-4,6,-7,-9,5,4
"475",2,8,2,7,24,21,18,63,10,9,-3,6,14,-1,-12,19,-14,-10,-9,6,-13,10,-7,-9,10,2
"476",2,8,2,8,15,42,6,63,11,11,-2,11,12,-1,-15,20,-13,-7,-3,3,-16,10,-10,-6,9,4
"477",2,8,2,9,9,36,18,63,5,9,-2,13,9,-6,-13,18,-11,-7,-1,1,-13,12,-8,-8,10,2
"478",2,8,3,1,6,11,46,63,13,8,-7,19,4,-3,-11,9,-3,-3,-5,2,-12,18,-2,-13,12,6
"479",2,8,3,2,9,5,49,63,15,-1,-10,16,10,-4,-8,19,-5,-13,-4,-5,-14,19,-2,-11,10,7
"480",2,8,3,3,9,20,34,63,14,-3,0,22,8,-3,-8,8,-8,-13,3,1,-14,19,1,-16,14,4
"481",2,8,3,4,15,16,32,63,17,2,-4,16,16,-10,-11,10,-12,-12,-5,1,-9,22,-1,-11,12,4
"482",2,8,3,5,5,13,45,63,17,-2,-14,17,8,-5,-10,10,-5,-15,-2,-1,-11,20,-2,-11,13,6
"483",2,8,3,6,8,19,36,63,14,-3,-14,14,9,-5,-2,12,-4,-10,-13,-1,-11,20,5,-9,13,5
"484",2,8,3,7,14,22,27,63,14,-2,-2,12,8,-7,-9,9,-9,-10,-2,-1,-12,18,-5,-8,16,8
"485",2,8,3,8,7,15,41,63,14,-2,-7,19,6,-6,-11,9,-8,-15,-3,1,-11,18,-2,-13,12,6
"486",2,8,3,9,7,19,37,63,17,-2,-6,19,9,-3,-3,12,-4,-13,-7,-5,-18,20,-2,-14,9,10
"487",2,9,1,1,50,9,4,63,11,3,-5,19,16,-3,-9,9,-13,6,-12,-1,-11,17,-6,-8,14,11
"488",2,9,1,2,46,10,7,63,15,2,-9,22,15,-2,-8,12,-9,-2,-4,3,-3,6,-6,-8,12,11
"489",2,9,1,3,47,11,5,63,13,4,-6,19,15,-1,-9,9,-10,3,-4,4,-6,7,-6,-11,14,10
"490",2,9,1,4,47,10,6,63,13,2,-4,18,17,-4,-9,12,-10,-3,-4,4,-4,9,-7,-8,11,10
"491",2,9,1,5,37,14,12,63,12,3,-5,17,13,-1,-6,20,-12,-1,0,7,-4,8,-5,-1,14,9
"492",2,9,1,6,37,18,8,63,17,7,-6,20,16,-4,-8,11,-6,4,-4,9,-10,8,-14,-9,8,7
"493",2,9,1,7,44,16,3,63,12,4,-5,16,13,-2,-15,11,-12,1,-4,4,-6,8,-8,-10,14,8
"494",2,9,1,8,24,27,12,63,15,4,-12,16,14,-1,-7,7,-19,6,-6,2,0,3,-10,-11,11,10
"495",2,9,1,9,54,6,3,63,12,3,-6,20,11,7,-11,14,-9,0,-5,6,-5,9,-7,-9,15,11
"496",2,9,2,1,17,38,8,63,10,14,0,13,18,2,-13,21,-14,-6,0,3,-16,11,-11,-9,10,2
"497",2,9,2,2,10,41,12,63,12,13,-1,11,12,-5,-15,24,-11,-7,-2,3,-15,9,-7,-9,10,4
"498",2,9,2,3,27,18,18,63,12,10,6,6,17,1,-11,20,-12,-7,1,1,-15,11,-10,3,9,3
"499",2,9,2,4,8,32,23,63,10,14,-4,11,14,-1,-12,22,-10,-8,0,2,-13,11,-9,-3,21,2
"500",2,9,2,5,15,37,11,63,12,12,1,10,15,-3,-12,20,-12,-8,-3,1,-18,12,-10,-10,10,4
"501",2,9,2,6,6,48,9,63,11,13,-5,13,21,1,-14,19,-11,-4,1,3,-4,6,-7,-9,5,4
"502",2,9,2,7,29,20,14,63,10,9,-3,6,14,-1,-12,19,-14,-10,-9,6,-13,10,-7,-9,10,2
"503",2,9,2,8,14,42,7,63,11,11,-2,11,12,-1,-15,20,-13,-7,-3,3,-16,10,-10,-6,9,4
"504",2,9,2,9,5,44,14,63,5,9,-2,13,9,-6,-13,18,-11,-7,-1,1,-13,12,-8,-8,10,2
"505",2,9,3,1,11,11,41,63,13,8,-7,19,4,-3,-11,9,-3,-3,-5,2,-12,18,-2,-13,12,6
"506",2,9,3,2,7,3,53,63,15,-1,-10,16,10,-4,-8,19,-5,-13,-4,-5,-14,19,-2,-11,10,7
"507",2,9,3,3,7,16,40,63,14,-3,0,22,8,-3,-8,8,-8,-13,3,1,-14,19,1,-16,14,4
"508",2,9,3,4,12,21,30,63,17,2,-4,16,16,-10,-11,10,-12,-12,-5,1,-9,22,-1,-11,12,4
"509",2,9,3,5,3,19,41,63,17,-2,-14,17,8,-5,-10,10,-5,-15,-2,-1,-11,20,-2,-11,13,6
"510",2,9,3,6,6,22,35,63,14,-3,-14,14,9,-5,-2,12,-4,-10,-13,-1,-11,20,5,-9,13,5
"511",2,9,3,7,15,26,22,63,14,-2,-2,12,8,-7,-9,9,-9,-10,-2,-1,-12,18,-5,-8,16,8
"512",2,9,3,8,6,15,42,63,14,-2,-7,19,6,-6,-11,9,-8,-15,-3,1,-11,18,-2,-13,12,6
"513",2,9,3,9,8,23,32,63,17,-2,-6,19,9,-3,-3,12,-4,-13,-7,-5,-18,20,-2,-14,9,10
"514",2,10,1,1,54,3,6,63,11,3,-5,19,16,-3,-9,9,-13,6,-12,-1,-11,17,-6,-8,14,11
"515",2,10,1,2,45,12,6,63,15,2,-9,22,15,-2,-8,12,-9,-2,-4,3,-3,6,-6,-8,12,11
"516",2,10,1,3,48,11,4,63,13,4,-6,19,15,-1,-9,9,-10,3,-4,4,-6,7,-6,-11,14,10
"517",2,10,1,4,52,9,2,63,13,2,-4,18,17,-4,-9,12,-10,-3,-4,4,-4,9,-7,-8,11,10
"518",2,10,1,5,36,14,13,63,12,3,-5,17,13,-1,-6,20,-12,-1,0,7,-4,8,-5,-1,14,9
"519",2,10,1,6,28,23,12,63,17,7,-6,20,16,-4,-8,11,-6,4,-4,9,-10,8,-14,-9,8,7
"520",2,10,1,7,38,22,3,63,12,4,-5,16,13,-2,-15,11,-12,1,-4,4,-6,8,-8,-10,14,8
"521",2,10,1,8,20,30,13,63,15,4,-12,16,14,-1,-7,7,-19,6,-6,2,0,3,-10,-11,11,10
"522",2,10,1,9,58,5,0,63,12,3,-6,20,11,7,-11,14,-9,0,-5,6,-5,9,-7,-9,15,11
"523",2,10,2,1,13,41,9,63,10,14,0,13,18,2,-13,21,-14,-6,0,3,-16,11,-11,-9,10,2
"524",2,10,2,2,9,41,13,63,12,13,-1,11,12,-5,-15,24,-11,-7,-2,3,-15,9,-7,-9,10,4
"525",2,10,2,3,25,25,13,63,12,10,6,6,17,1,-11,20,-12,-7,1,1,-15,11,-10,3,9,3
"526",2,10,2,4,8,38,17,63,10,14,-4,11,14,-1,-12,22,-10,-8,0,2,-13,11,-9,-3,21,2
"527",2,10,2,5,11,42,10,63,12,12,1,10,15,-3,-12,20,-12,-8,-3,1,-18,12,-10,-10,10,4
"528",2,10,2,6,5,40,18,63,11,13,-5,13,21,1,-14,19,-11,-4,1,3,-4,6,-7,-9,5,4
"529",2,10,2,7,25,25,13,63,10,9,-3,6,14,-1,-12,19,-14,-10,-9,6,-13,10,-7,-9,10,2
"530",2,10,2,8,9,46,8,63,11,11,-2,11,12,-1,-15,20,-13,-7,-3,3,-16,10,-10,-6,9,4
"531",2,10,2,9,10,41,12,63,5,9,-2,13,9,-6,-13,18,-11,-7,-1,1,-13,12,-8,-8,10,2
"532",2,10,3,1,8,7,48,63,13,8,-7,19,4,-3,-11,9,-3,-3,-5,2,-12,18,-2,-13,12,6
"533",2,10,3,2,7,4,52,63,15,-1,-10,16,10,-4,-8,19,-5,-13,-4,-5,-14,19,-2,-11,10,7
"534",2,10,3,3,3,20,40,63,14,-3,0,22,8,-3,-8,8,-8,-13,3,1,-14,19,1,-16,14,4
"535",2,10,3,4,10,24,29,63,17,2,-4,16,16,-10,-11,10,-12,-12,-5,1,-9,22,-1,-11,12,4
"536",2,10,3,5,8,9,46,63,17,-2,-14,17,8,-5,-10,10,-5,-15,-2,-1,-11,20,-2,-11,13,6
"537",2,10,3,6,7,17,39,63,14,-3,-14,14,9,-5,-2,12,-4,-10,-13,-1,-11,20,5,-9,13,5
"538",2,10,3,7,13,16,34,63,14,-2,-2,12,8,-7,-9,9,-9,-10,-2,-1,-12,18,-5,-8,16,8
"539",2,10,3,8,8,18,37,63,14,-2,-7,19,6,-6,-11,9,-8,-15,-3,1,-11,18,-2,-13,12,6
"540",2,10,3,9,8,22,33,63,17,-2,-6,19,9,-3,-3,12,-4,-13,-7,-5,-18,20,-2,-14,9,10
"541",3,1,1,1,11,11,7,29,12,2,-5,19,14,-4,-17,2,-4,-7,4,0,-1,8,0,-11,11,10
"542",3,1,1,2,10,10,9,29,7,5,-10,18,15,-2,-8,5,-7,-11,-15,12,-4,7,-5,-9,14,9
"543",3,1,1,3,8,12,9,29,12,3,-10,22,12,-1,-12,15,-12,0,-8,0,-6,10,-6,-7,12,9
"544",3,1,1,4,10,9,10,29,14,-5,-3,14,12,-2,-10,11,-13,2,-10,8,-2,5,-4,-9,9,12
"545",3,1,1,5,12,12,5,29,9,11,-4,20,7,6,-10,13,-6,1,-9,7,-5,13,-9,-10,8,1
"546",3,1,1,6,11,10,8,29,18,-2,-4,17,4,-8,-11,11,-10,-1,-1,9,-12,7,-4,-10,16,3
"547",3,1,1,7,11,10,8,29,12,3,1,10,13,-5,-9,10,-7,1,-4,4,-5,7,-5,-8,14,9
"548",3,1,1,8,6,13,10,29,15,7,-12,23,18,-1,-10,7,-9,-3,-1,0,-11,3,-8,-11,13,19
"549",3,1,1,9,6,16,7,29,22,-3,-4,17,6,-4,-3,12,-6,1,-5,3,-1,4,-11,-12,13,8
"550",3,1,2,1,7,11,11,29,9,13,-1,2,14,0,-5,18,-19,-4,-6,1,-8,6,-10,-7,16,6
"551",3,1,2,2,11,10,8,29,10,12,6,5,11,-1,-18,22,-10,-1,-1,4,-14,10,-11,-7,13,-5
"552",3,1,2,3,10,11,8,29,8,22,-1,9,8,2,-4,12,-5,-16,0,2,-13,13,-9,-12,11,3
"553",3,1,2,4,7,12,10,29,8,5,-1,11,21,7,-9,14,-19,1,-1,4,-13,10,-9,-8,15,7
"554",3,1,2,5,10,8,11,29,12,14,3,10,16,-1,-11,18,-3,-14,-2,4,-17,2,-11,-10,6,1
"555",3,1,2,6,12,8,9,29,9,13,1,10,9,-6,-17,15,-13,-5,2,-2,-20,18,-10,-7,12,3
"556",3,1,2,7,12,7,10,29,10,14,-2,12,10,-4,-23,22,-14,-6,-11,1,-14,13,-9,-8,3,-1
"557",3,1,2,8,13,9,7,29,8,14,-7,7,15,-2,-16,18,-12,-8,-6,13,-12,10,-9,-8,13,12
"558",3,1,2,9,12,8,9,29,9,13,4,12,13,-2,-8,13,-6,-15,-10,-2,-9,11,-11,-9,10,4
"559",3,1,3,1,5,16,8,29,24,6,-7,20,2,0,-10,13,-7,-14,-2,8,-11,18,-8,-9,11,6
"560",3,1,3,2,7,12,10,29,13,0,-5,18,10,0,-1,10,-9,-14,-8,-3,-18,15,0,-3,8,10
"561",3,1,3,3,12,6,11,29,14,-3,-9,22,-1,-7,-11,1,-8,-12,-4,0,-13,18,-4,-11,12,15
"562",3,1,3,4,8,9,12,29,15,-3,-6,20,9,-5,-11,17,-11,-16,-6,-10,-9,14,-9,-13,12,10
"563",3,1,3,5,8,11,10,29,13,-1,-7,23,11,-4,-5,16,-2,-11,-9,2,-11,9,-5,-17,18,3
"564",3,1,3,6,8,6,15,29,16,-3,-4,20,13,5,-20,18,-8,-12,-4,-3,-23,21,-3,-11,2,-3
"565",3,1,3,7,10,9,10,29,14,-2,-2,12,4,4,-13,4,2,-16,7,-2,-22,11,-5,-12,10,10
"566",3,1,3,8,9,8,12,29,16,-10,-6,20,19,-11,-8,11,-13,-22,-3,-1,-18,20,-3,-14,12,4
"567",3,1,3,9,6,10,13,29,17,-12,-12,19,4,-6,-11,9,-8,-14,-8,-2,-18,9,2,-21,11,1
"568",3,2,1,1,11,11,7,29,12,2,-5,19,14,-4,-17,2,-4,-7,4,0,-1,8,0,-11,11,10
"569",3,2,1,2,6,13,10,29,7,5,-10,18,15,-2,-8,5,-7,-11,-15,12,-4,7,-5,-9,14,9
"570",3,2,1,3,14,9,6,29,12,3,-10,22,12,-1,-12,15,-12,0,-8,0,-6,10,-6,-7,12,9
"571",3,2,1,4,12,8,9,29,14,-5,-3,14,12,-2,-10,11,-13,2,-10,8,-2,5,-4,-9,9,12
"572",3,2,1,5,15,11,3,29,9,11,-4,20,7,6,-10,13,-6,1,-9,7,-5,13,-9,-10,8,1
"573",3,2,1,6,7,11,11,29,18,-2,-4,17,4,-8,-11,11,-10,-1,-1,9,-12,7,-4,-10,16,3
"574",3,2,1,7,16,9,4,29,12,3,1,10,13,-5,-9,10,-7,1,-4,4,-5,7,-5,-8,14,9
"575",3,2,1,8,7,12,10,29,15,7,-12,23,18,-1,-10,7,-9,-3,-1,0,-11,3,-8,-11,13,19
"576",3,2,1,9,8,11,10,29,22,-3,-4,17,6,-4,-3,12,-6,1,-5,3,-1,4,-11,-12,13,8
"577",3,2,2,1,8,14,7,29,9,13,-1,2,14,0,-5,18,-19,-4,-6,1,-8,6,-10,-7,16,6
"578",3,2,2,2,9,9,11,29,10,12,6,5,11,-1,-18,22,-10,-1,-1,4,-14,10,-11,-7,13,-5
"579",3,2,2,3,7,8,14,29,8,22,-1,9,8,2,-4,12,-5,-16,0,2,-13,13,-9,-12,11,3
"580",3,2,2,4,8,14,7,29,8,5,-1,11,21,7,-9,14,-19,1,-1,4,-13,10,-9,-8,15,7
"581",3,2,2,5,5,12,12,29,12,14,3,10,16,-1,-11,18,-3,-14,-2,4,-17,2,-11,-10,6,1
"582",3,2,2,6,7,11,11,29,9,13,1,10,9,-6,-17,15,-13,-5,2,-2,-20,18,-10,-7,12,3
"583",3,2,2,7,7,12,10,29,10,14,-2,12,10,-4,-23,22,-14,-6,-11,1,-14,13,-9,-8,3,-1
"584",3,2,2,8,11,7,11,29,8,14,-7,7,15,-2,-16,18,-12,-8,-6,13,-12,10,-9,-8,13,12
"585",3,2,2,9,7,6,16,29,9,13,4,12,13,-2,-8,13,-6,-15,-10,-2,-9,11,-11,-9,10,4
"586",3,2,3,1,10,6,13,29,24,6,-7,20,2,0,-10,13,-7,-14,-2,8,-11,18,-8,-9,11,6
"587",3,2,3,2,8,11,10,29,13,0,-5,18,10,0,-1,10,-9,-14,-8,-3,-18,15,0,-3,8,10
"588",3,2,3,3,5,11,13,29,14,-3,-9,22,-1,-7,-11,1,-8,-12,-4,0,-13,18,-4,-11,12,15
"589",3,2,3,4,5,12,12,29,15,-3,-6,20,9,-5,-11,17,-11,-16,-6,-10,-9,14,-9,-13,12,10
"590",3,2,3,5,9,10,10,29,13,-1,-7,23,11,-4,-5,16,-2,-11,-9,2,-11,9,-5,-17,18,3
"591",3,2,3,6,7,9,13,29,16,-3,-4,20,13,5,-20,18,-8,-12,-4,-3,-23,21,-3,-11,2,-3
"592",3,2,3,7,8,9,12,29,14,-2,-2,12,4,4,-13,4,2,-16,7,-2,-22,11,-5,-12,10,10
"593",3,2,3,8,6,9,14,29,16,-10,-6,20,19,-11,-8,11,-13,-22,-3,-1,-18,20,-3,-14,12,4
"594",3,2,3,9,8,11,10,29,17,-12,-12,19,4,-6,-11,9,-8,-14,-8,-2,-18,9,2,-21,11,1
"595",3,3,1,1,14,11,4,29,12,2,-5,19,14,-4,-17,2,-4,-7,4,0,-1,8,0,-11,11,10
"596",3,3,1,2,5,13,11,29,7,5,-10,18,15,-2,-8,5,-7,-11,-15,12,-4,7,-5,-9,14,9
"597",3,3,1,3,5,16,8,29,12,3,-10,22,12,-1,-12,15,-12,0,-8,0,-6,10,-6,-7,12,9
"598",3,3,1,4,19,5,5,29,14,-5,-3,14,12,-2,-10,11,-13,2,-10,8,-2,5,-4,-9,9,12
"599",3,3,1,5,13,12,4,29,9,11,-4,20,7,6,-10,13,-6,1,-9,7,-5,13,-9,-10,8,1
"600",3,3,1,6,8,7,14,29,18,-2,-4,17,4,-8,-11,11,-10,-1,-1,9,-12,7,-4,-10,16,3
"601",3,3,1,7,16,10,3,29,12,3,1,10,13,-5,-9,10,-7,1,-4,4,-5,7,-5,-8,14,9
"602",3,3,1,8,6,11,12,29,15,7,-12,23,18,-1,-10,7,-9,-3,-1,0,-11,3,-8,-11,13,19
"603",3,3,1,9,7,11,11,29,22,-3,-4,17,6,-4,-3,12,-6,1,-5,3,-1,4,-11,-12,13,8
"604",3,3,2,1,8,17,4,29,9,13,-1,2,14,0,-5,18,-19,-4,-6,1,-8,6,-10,-7,16,6
"605",3,3,2,2,7,18,4,29,10,12,6,5,11,-1,-18,22,-10,-1,-1,4,-14,10,-11,-7,13,-5
"606",3,3,2,3,6,10,13,29,8,22,-1,9,8,2,-4,12,-5,-16,0,2,-13,13,-9,-12,11,3
"607",3,3,2,4,6,14,9,29,8,5,-1,11,21,7,-9,14,-19,1,-1,4,-13,10,-9,-8,15,7
"608",3,3,2,5,5,10,14,29,12,14,3,10,16,-1,-11,18,-3,-14,-2,4,-17,2,-11,-10,6,1
"609",3,3,2,6,10,14,5,29,9,13,1,10,9,-6,-17,15,-13,-5,2,-2,-20,18,-10,-7,12,3
"610",3,3,2,7,8,14,7,29,10,14,-2,12,10,-4,-23,22,-14,-6,-11,1,-14,13,-9,-8,3,-1
"611",3,3,2,8,6,12,11,29,8,14,-7,7,15,-2,-16,18,-12,-8,-6,13,-12,10,-9,-8,13,12
"612",3,3,2,9,5,8,16,29,9,13,4,12,13,-2,-8,13,-6,-15,-10,-2,-9,11,-11,-9,10,4
"613",3,3,3,1,6,10,13,29,24,6,-7,20,2,0,-10,13,-7,-14,-2,8,-11,18,-8,-9,11,6
"614",3,3,3,2,8,7,14,29,13,0,-5,18,10,0,-1,10,-9,-14,-8,-3,-18,15,0,-3,8,10
"615",3,3,3,3,7,10,12,29,14,-3,-9,22,-1,-7,-11,1,-8,-12,-4,0,-13,18,-4,-11,12,15
"616",3,3,3,4,10,7,12,29,15,-3,-6,20,9,-5,-11,17,-11,-16,-6,-10,-9,14,-9,-13,12,10
"617",3,3,3,5,8,6,15,29,13,-1,-7,23,11,-4,-5,16,-2,-11,-9,2,-11,9,-5,-17,18,3
"618",3,3,3,6,5,5,19,29,16,-3,-4,20,13,5,-20,18,-8,-12,-4,-3,-23,21,-3,-11,2,-3
"619",3,3,3,7,9,8,12,29,14,-2,-2,12,4,4,-13,4,2,-16,7,-2,-22,11,-5,-12,10,10
"620",3,3,3,8,6,7,16,29,16,-10,-6,20,19,-11,-8,11,-13,-22,-3,-1,-18,20,-3,-14,12,4
"621",3,3,3,9,6,10,13,29,17,-12,-12,19,4,-6,-11,9,-8,-14,-8,-2,-18,9,2,-21,11,1
"622",3,4,1,1,16,7,6,29,12,2,-5,19,14,-4,-17,2,-4,-7,4,0,-1,8,0,-11,11,10
"623",3,4,1,2,11,12,6,29,7,5,-10,18,15,-2,-8,5,-7,-11,-15,12,-4,7,-5,-9,14,9
"624",3,4,1,3,15,11,3,29,12,3,-10,22,12,-1,-12,15,-12,0,-8,0,-6,10,-6,-7,12,9
"625",3,4,1,4,13,10,6,29,14,-5,-3,14,12,-2,-10,11,-13,2,-10,8,-2,5,-4,-9,9,12
"626",3,4,1,5,14,11,4,29,9,11,-4,20,7,6,-10,13,-6,1,-9,7,-5,13,-9,-10,8,1
"627",3,4,1,6,6,10,13,29,18,-2,-4,17,4,-8,-11,11,-10,-1,-1,9,-12,7,-4,-10,16,3
"628",3,4,1,7,15,11,3,29,12,3,1,10,13,-5,-9,10,-7,1,-4,4,-5,7,-5,-8,14,9
"629",3,4,1,8,13,9,7,29,15,7,-12,23,18,-1,-10,7,-9,-3,-1,0,-11,3,-8,-11,13,19
"630",3,4,1,9,6,13,10,29,22,-3,-4,17,6,-4,-3,12,-6,1,-5,3,-1,4,-11,-12,13,8
"631",3,4,2,1,10,7,12,29,9,13,-1,2,14,0,-5,18,-19,-4,-6,1,-8,6,-10,-7,16,6
"632",3,4,2,2,4,17,8,29,10,12,6,5,11,-1,-18,22,-10,-1,-1,4,-14,10,-11,-7,13,-5
"633",3,4,2,3,6,12,11,29,8,22,-1,9,8,2,-4,12,-5,-16,0,2,-13,13,-9,-12,11,3
"634",3,4,2,4,7,15,7,29,8,5,-1,11,21,7,-9,14,-19,1,-1,4,-13,10,-9,-8,15,7
"635",3,4,2,5,6,15,8,29,12,14,3,10,16,-1,-11,18,-3,-14,-2,4,-17,2,-11,-10,6,1
"636",3,4,2,6,6,13,10,29,9,13,1,10,9,-6,-17,15,-13,-5,2,-2,-20,18,-10,-7,12,3
"637",3,4,2,7,5,14,10,29,10,14,-2,12,10,-4,-23,22,-14,-6,-11,1,-14,13,-9,-8,3,-1
"638",3,4,2,8,11,11,7,29,8,14,-7,7,15,-2,-16,18,-12,-8,-6,13,-12,10,-9,-8,13,12
"639",3,4,2,9,9,11,9,29,9,13,4,12,13,-2,-8,13,-6,-15,-10,-2,-9,11,-11,-9,10,4
"640",3,4,3,1,3,15,11,29,24,6,-7,20,2,0,-10,13,-7,-14,-2,8,-11,18,-8,-9,11,6
"641",3,4,3,2,9,13,7,29,13,0,-5,18,10,0,-1,10,-9,-14,-8,-3,-18,15,0,-3,8,10
"642",3,4,3,3,3,12,14,29,14,-3,-9,22,-1,-7,-11,1,-8,-12,-4,0,-13,18,-4,-11,12,15
"643",3,4,3,4,7,8,14,29,15,-3,-6,20,9,-5,-11,17,-11,-16,-6,-10,-9,14,-9,-13,12,10
"644",3,4,3,5,7,2,20,29,13,-1,-7,23,11,-4,-5,16,-2,-11,-9,2,-11,9,-5,-17,18,3
"645",3,4,3,6,3,3,23,29,16,-3,-4,20,13,5,-20,18,-8,-12,-4,-3,-23,21,-3,-11,2,-3
"646",3,4,3,7,6,12,11,29,14,-2,-2,12,4,4,-13,4,2,-16,7,-2,-22,11,-5,-12,10,10
"647",3,4,3,8,8,5,16,29,16,-10,-6,20,19,-11,-8,11,-13,-22,-3,-1,-18,20,-3,-14,12,4
"648",3,4,3,9,3,13,13,29,17,-12,-12,19,4,-6,-11,9,-8,-14,-8,-2,-18,9,2,-21,11,1
"649",3,5,1,1,14,7,8,29,12,2,-5,19,14,-4,-17,2,-4,-7,4,0,-1,8,0,-11,11,10
"650",3,5,1,2,6,10,13,29,7,5,-10,18,15,-2,-8,5,-7,-11,-15,12,-4,7,-5,-9,14,9
"651",3,5,1,3,10,12,7,29,12,3,-10,22,12,-1,-12,15,-12,0,-8,0,-6,10,-6,-7,12,9
"652",3,5,1,4,10,12,7,29,14,-5,-3,14,12,-2,-10,11,-13,2,-10,8,-2,5,-4,-9,9,12
"653",3,5,1,5,15,9,5,29,9,11,-4,20,7,6,-10,13,-6,1,-9,7,-5,13,-9,-10,8,1
"654",3,5,1,6,10,9,10,29,18,-2,-4,17,4,-8,-11,11,-10,-1,-1,9,-12,7,-4,-10,16,3
"655",3,5,1,7,19,7,3,29,12,3,1,10,13,-5,-9,10,-7,1,-4,4,-5,7,-5,-8,14,9
"656",3,5,1,8,12,8,9,29,15,7,-12,23,18,-1,-10,7,-9,-3,-1,0,-11,3,-8,-11,13,19
"657",3,5,1,9,8,11,10,29,22,-3,-4,17,6,-4,-3,12,-6,1,-5,3,-1,4,-11,-12,13,8
"658",3,5,2,1,13,11,5,29,9,13,-1,2,14,0,-5,18,-19,-4,-6,1,-8,6,-10,-7,16,6
"659",3,5,2,2,6,19,4,29,10,12,6,5,11,-1,-18,22,-10,-1,-1,4,-14,10,-11,-7,13,-5
"660",3,5,2,3,4,9,16,29,8,22,-1,9,8,2,-4,12,-5,-16,0,2,-13,13,-9,-12,11,3
"661",3,5,2,4,4,18,7,29,8,5,-1,11,21,7,-9,14,-19,1,-1,4,-13,10,-9,-8,15,7
"662",3,5,2,5,6,18,5,29,12,14,3,10,16,-1,-11,18,-3,-14,-2,4,-17,2,-11,-10,6,1
"663",3,5,2,6,9,15,5,29,9,13,1,10,9,-6,-17,15,-13,-5,2,-2,-20,18,-10,-7,12,3
"664",3,5,2,7,5,14,10,29,10,14,-2,12,10,-4,-23,22,-14,-6,-11,1,-14,13,-9,-8,3,-1
"665",3,5,2,8,9,12,8,29,8,14,-7,7,15,-2,-16,18,-12,-8,-6,13,-12,10,-9,-8,13,12
"666",3,5,2,9,13,7,9,29,9,13,4,12,13,-2,-8,13,-6,-15,-10,-2,-9,11,-11,-9,10,4
"667",3,5,3,1,4,12,13,29,24,6,-7,20,2,0,-10,13,-7,-14,-2,8,-11,18,-8,-9,11,6
"668",3,5,3,2,9,10,10,29,13,0,-5,18,10,0,-1,10,-9,-14,-8,-3,-18,15,0,-3,8,10
"669",3,5,3,3,10,12,7,29,14,-3,-9,22,-1,-7,-11,1,-8,-12,-4,0,-13,18,-4,-11,12,15
"670",3,5,3,4,7,8,14,29,15,-3,-6,20,9,-5,-11,17,-11,-16,-6,-10,-9,14,-9,-13,12,10
"671",3,5,3,5,10,5,14,29,13,-1,-7,23,11,-4,-5,16,-2,-11,-9,2,-11,9,-5,-17,18,3
"672",3,5,3,6,4,13,12,29,16,-3,-4,20,13,5,-20,18,-8,-12,-4,-3,-23,21,-3,-11,2,-3
"673",3,5,3,7,4,14,11,29,14,-2,-2,12,4,4,-13,4,2,-16,7,-2,-22,11,-5,-12,10,10
"674",3,5,3,8,6,5,18,29,16,-10,-6,20,19,-11,-8,11,-13,-22,-3,-1,-18,20,-3,-14,12,4
"675",3,5,3,9,5,10,14,29,17,-12,-12,19,4,-6,-11,9,-8,-14,-8,-2,-18,9,2,-21,11,1
"676",3,6,1,1,14,8,7,29,12,2,-5,19,14,-4,-17,2,-4,-7,4,0,-1,8,0,-11,11,10
"677",3,6,1,2,13,10,6,29,7,5,-10,18,15,-2,-8,5,-7,-11,-15,12,-4,7,-5,-9,14,9
"678",3,6,1,3,15,8,6,29,12,3,-10,22,12,-1,-12,15,-12,0,-8,0,-6,10,-6,-7,12,9
"679",3,6,1,4,12,10,7,29,14,-5,-3,14,12,-2,-10,11,-13,2,-10,8,-2,5,-4,-9,9,12
"680",3,6,1,5,10,15,4,29,9,11,-4,20,7,6,-10,13,-6,1,-9,7,-5,13,-9,-10,8,1
"681",3,6,1,6,8,10,11,29,18,-2,-4,17,4,-8,-11,11,-10,-1,-1,9,-12,7,-4,-10,16,3
"682",3,6,1,7,17,10,2,29,12,3,1,10,13,-5,-9,10,-7,1,-4,4,-5,7,-5,-8,14,9
"683",3,6,1,8,11,9,9,29,15,7,-12,23,18,-1,-10,7,-9,-3,-1,0,-11,3,-8,-11,13,19
"684",3,6,1,9,10,10,9,29,22,-3,-4,17,6,-4,-3,12,-6,1,-5,3,-1,4,-11,-12,13,8
"685",3,6,2,1,11,10,8,29,9,13,-1,2,14,0,-5,18,-19,-4,-6,1,-8,6,-10,-7,16,6
"686",3,6,2,2,7,18,4,29,10,12,6,5,11,-1,-18,22,-10,-1,-1,4,-14,10,-11,-7,13,-5
"687",3,6,2,3,6,10,13,29,8,22,-1,9,8,2,-4,12,-5,-16,0,2,-13,13,-9,-12,11,3
"688",3,6,2,4,5,20,4,29,8,5,-1,11,21,7,-9,14,-19,1,-1,4,-13,10,-9,-8,15,7
"689",3,6,2,5,6,13,10,29,12,14,3,10,16,-1,-11,18,-3,-14,-2,4,-17,2,-11,-10,6,1
"690",3,6,2,6,6,9,14,29,9,13,1,10,9,-6,-17,15,-13,-5,2,-2,-20,18,-10,-7,12,3
"691",3,6,2,7,3,16,10,29,10,14,-2,12,10,-4,-23,22,-14,-6,-11,1,-14,13,-9,-8,3,-1
"692",3,6,2,8,8,10,11,29,8,14,-7,7,15,-2,-16,18,-12,-8,-6,13,-12,10,-9,-8,13,12
"693",3,6,2,9,16,6,7,29,9,13,4,12,13,-2,-8,13,-6,-15,-10,-2,-9,11,-11,-9,10,4
"694",3,6,3,1,6,11,12,29,24,6,-7,20,2,0,-10,13,-7,-14,-2,8,-11,18,-8,-9,11,6
"695",3,6,3,2,5,9,15,29,13,0,-5,18,10,0,-1,10,-9,-14,-8,-3,-18,15,0,-3,8,10
"696",3,6,3,3,5,11,13,29,14,-3,-9,22,-1,-7,-11,1,-8,-12,-4,0,-13,18,-4,-11,12,15
"697",3,6,3,4,8,7,14,29,15,-3,-6,20,9,-5,-11,17,-11,-16,-6,-10,-9,14,-9,-13,12,10
"698",3,6,3,5,7,5,17,29,13,-1,-7,23,11,-4,-5,16,-2,-11,-9,2,-11,9,-5,-17,18,3
"699",3,6,3,6,3,10,16,29,16,-3,-4,20,13,5,-20,18,-8,-12,-4,-3,-23,21,-3,-11,2,-3
"700",3,6,3,7,4,14,11,29,14,-2,-2,12,4,4,-13,4,2,-16,7,-2,-22,11,-5,-12,10,10
"701",3,6,3,8,6,5,18,29,16,-10,-6,20,19,-11,-8,11,-13,-22,-3,-1,-18,20,-3,-14,12,4
"702",3,6,3,9,2,11,16,29,17,-12,-12,19,4,-6,-11,9,-8,-14,-8,-2,-18,9,2,-21,11,1
"703",3,7,1,1,11,14,4,29,12,2,-5,19,14,-4,-17,2,-4,-7,4,0,-1,8,0,-11,11,10
"704",3,7,1,2,12,10,7,29,7,5,-10,18,15,-2,-8,5,-7,-11,-15,12,-4,7,-5,-9,14,9
"705",3,7,1,3,12,9,8,29,12,3,-10,22,12,-1,-12,15,-12,0,-8,0,-6,10,-6,-7,12,9
"706",3,7,1,4,12,10,7,29,14,-5,-3,14,12,-2,-10,11,-13,2,-10,8,-2,5,-4,-9,9,12
"707",3,7,1,5,18,8,3,29,9,11,-4,20,7,6,-10,13,-6,1,-9,7,-5,13,-9,-10,8,1
"708",3,7,1,6,10,14,5,29,18,-2,-4,17,4,-8,-11,11,-10,-1,-1,9,-12,7,-4,-10,16,3
"709",3,7,1,7,20,5,4,29,12,3,1,10,13,-5,-9,10,-7,1,-4,4,-5,7,-5,-8,14,9
"710",3,7,1,8,14,10,5,29,15,7,-12,23,18,-1,-10,7,-9,-3,-1,0,-11,3,-8,-11,13,19
"711",3,7,1,9,10,11,8,29,22,-3,-4,17,6,-4,-3,12,-6,1,-5,3,-1,4,-11,-12,13,8
"712",3,7,2,1,8,12,9,29,9,13,-1,2,14,0,-5,18,-19,-4,-6,1,-8,6,-10,-7,16,6
"713",3,7,2,2,6,14,9,29,10,12,6,5,11,-1,-18,22,-10,-1,-1,4,-14,10,-11,-7,13,-5
"714",3,7,2,3,3,14,12,29,8,22,-1,9,8,2,-4,12,-5,-16,0,2,-13,13,-9,-12,11,3
"715",3,7,2,4,6,19,4,29,8,5,-1,11,21,7,-9,14,-19,1,-1,4,-13,10,-9,-8,15,7
"716",3,7,2,5,3,18,8,29,12,14,3,10,16,-1,-11,18,-3,-14,-2,4,-17,2,-11,-10,6,1
"717",3,7,2,6,9,9,11,29,9,13,1,10,9,-6,-17,15,-13,-5,2,-2,-20,18,-10,-7,12,3
"718",3,7,2,7,5,13,11,29,10,14,-2,12,10,-4,-23,22,-14,-6,-11,1,-14,13,-9,-8,3,-1
"719",3,7,2,8,9,13,7,29,8,14,-7,7,15,-2,-16,18,-12,-8,-6,13,-12,10,-9,-8,13,12
"720",3,7,2,9,10,11,8,29,9,13,4,12,13,-2,-8,13,-6,-15,-10,-2,-9,11,-11,-9,10,4
"721",3,7,3,1,8,4,17,29,24,6,-7,20,2,0,-10,13,-7,-14,-2,8,-11,18,-8,-9,11,6
"722",3,7,3,2,8,11,10,29,13,0,-5,18,10,0,-1,10,-9,-14,-8,-3,-18,15,0,-3,8,10
"723",3,7,3,3,5,11,13,29,14,-3,-9,22,-1,-7,-11,1,-8,-12,-4,0,-13,18,-4,-11,12,15
"724",3,7,3,4,5,10,14,29,15,-3,-6,20,9,-5,-11,17,-11,-16,-6,-10,-9,14,-9,-13,12,10
"725",3,7,3,5,8,6,15,29,13,-1,-7,23,11,-4,-5,16,-2,-11,-9,2,-11,9,-5,-17,18,3
"726",3,7,3,6,4,5,20,29,16,-3,-4,20,13,5,-20,18,-8,-12,-4,-3,-23,21,-3,-11,2,-3
"727",3,7,3,7,6,11,12,29,14,-2,-2,12,4,4,-13,4,2,-16,7,-2,-22,11,-5,-12,10,10
"728",3,7,3,8,3,6,20,29,16,-10,-6,20,19,-11,-8,11,-13,-22,-3,-1,-18,20,-3,-14,12,4
"729",3,7,3,9,9,4,16,29,17,-12,-12,19,4,-6,-11,9,-8,-14,-8,-2,-18,9,2,-21,11,1
"730",3,8,1,1,13,13,3,29,12,2,-5,19,14,-4,-17,2,-4,-7,4,0,-1,8,0,-11,11,10
"731",3,8,1,2,13,10,6,29,7,5,-10,18,15,-2,-8,5,-7,-11,-15,12,-4,7,-5,-9,14,9
"732",3,8,1,3,13,10,6,29,12,3,-10,22,12,-1,-12,15,-12,0,-8,0,-6,10,-6,-7,12,9
"733",3,8,1,4,15,10,4,29,14,-5,-3,14,12,-2,-10,11,-13,2,-10,8,-2,5,-4,-9,9,12
"734",3,8,1,5,19,8,2,29,9,11,-4,20,7,6,-10,13,-6,1,-9,7,-5,13,-9,-10,8,1
"735",3,8,1,6,8,10,11,29,18,-2,-4,17,4,-8,-11,11,-10,-1,-1,9,-12,7,-4,-10,16,3
"736",3,8,1,7,19,3,7,29,12,3,1,10,13,-5,-9,10,-7,1,-4,4,-5,7,-5,-8,14,9
"737",3,8,1,8,12,11,6,29,15,7,-12,23,18,-1,-10,7,-9,-3,-1,0,-11,3,-8,-11,13,19
"738",3,8,1,9,9,12,8,29,22,-3,-4,17,6,-4,-3,12,-6,1,-5,3,-1,4,-11,-12,13,8
"739",3,8,2,1,8,13,8,29,9,13,-1,2,14,0,-5,18,-19,-4,-6,1,-8,6,-10,-7,16,6
"740",3,8,2,2,9,17,3,29,10,12,6,5,11,-1,-18,22,-10,-1,-1,4,-14,10,-11,-7,13,-5
"741",3,8,2,3,7,14,8,29,8,22,-1,9,8,2,-4,12,-5,-16,0,2,-13,13,-9,-12,11,3
"742",3,8,2,4,4,18,7,29,8,5,-1,11,21,7,-9,14,-19,1,-1,4,-13,10,-9,-8,15,7
"743",3,8,2,5,5,15,9,29,12,14,3,10,16,-1,-11,18,-3,-14,-2,4,-17,2,-11,-10,6,1
"744",3,8,2,6,9,13,7,29,9,13,1,10,9,-6,-17,15,-13,-5,2,-2,-20,18,-10,-7,12,3
"745",3,8,2,7,8,8,13,29,10,14,-2,12,10,-4,-23,22,-14,-6,-11,1,-14,13,-9,-8,3,-1
"746",3,8,2,8,9,11,9,29,8,14,-7,7,15,-2,-16,18,-12,-8,-6,13,-12,10,-9,-8,13,12
"747",3,8,2,9,14,9,6,29,9,13,4,12,13,-2,-8,13,-6,-15,-10,-2,-9,11,-11,-9,10,4
"748",3,8,3,1,4,12,13,29,24,6,-7,20,2,0,-10,13,-7,-14,-2,8,-11,18,-8,-9,11,6
"749",3,8,3,2,9,11,9,29,13,0,-5,18,10,0,-1,10,-9,-14,-8,-3,-18,15,0,-3,8,10
"750",3,8,3,3,6,7,16,29,14,-3,-9,22,-1,-7,-11,1,-8,-12,-4,0,-13,18,-4,-11,12,15
"751",3,8,3,4,6,8,15,29,15,-3,-6,20,9,-5,-11,17,-11,-16,-6,-10,-9,14,-9,-13,12,10
"752",3,8,3,5,10,7,12,29,13,-1,-7,23,11,-4,-5,16,-2,-11,-9,2,-11,9,-5,-17,18,3
"753",3,8,3,6,5,5,19,29,16,-3,-4,20,13,5,-20,18,-8,-12,-4,-3,-23,21,-3,-11,2,-3
"754",3,8,3,7,4,13,12,29,14,-2,-2,12,4,4,-13,4,2,-16,7,-2,-22,11,-5,-12,10,10
"755",3,8,3,8,5,11,13,29,16,-10,-6,20,19,-11,-8,11,-13,-22,-3,-1,-18,20,-3,-14,12,4
"756",3,8,3,9,10,5,14,29,17,-12,-12,19,4,-6,-11,9,-8,-14,-8,-2,-18,9,2,-21,11,1
"757",3,9,1,1,15,9,5,29,12,2,-5,19,14,-4,-17,2,-4,-7,4,0,-1,8,0,-11,11,10
"758",3,9,1,2,8,11,10,29,7,5,-10,18,15,-2,-8,5,-7,-11,-15,12,-4,7,-5,-9,14,9
"759",3,9,1,3,14,7,8,29,12,3,-10,22,12,-1,-12,15,-12,0,-8,0,-6,10,-6,-7,12,9
"760",3,9,1,4,16,9,4,29,14,-5,-3,14,12,-2,-10,11,-13,2,-10,8,-2,5,-4,-9,9,12
"761",3,9,1,5,20,6,3,29,9,11,-4,20,7,6,-10,13,-6,1,-9,7,-5,13,-9,-10,8,1
"762",3,9,1,6,8,14,7,29,18,-2,-4,17,4,-8,-11,11,-10,-1,-1,9,-12,7,-4,-10,16,3
"763",3,9,1,7,16,10,3,29,12,3,1,10,13,-5,-9,10,-7,1,-4,4,-5,7,-5,-8,14,9
"764",3,9,1,8,17,5,7,29,15,7,-12,23,18,-1,-10,7,-9,-3,-1,0,-11,3,-8,-11,13,19
"765",3,9,1,9,8,13,8,29,22,-3,-4,17,6,-4,-3,12,-6,1,-5,3,-1,4,-11,-12,13,8
"766",3,9,2,1,10,12,7,29,9,13,-1,2,14,0,-5,18,-19,-4,-6,1,-8,6,-10,-7,16,6
"767",3,9,2,2,4,20,5,29,10,12,6,5,11,-1,-18,22,-10,-1,-1,4,-14,10,-11,-7,13,-5
"768",3,9,2,3,6,14,9,29,8,22,-1,9,8,2,-4,12,-5,-16,0,2,-13,13,-9,-12,11,3
"769",3,9,2,4,5,22,2,29,8,5,-1,11,21,7,-9,14,-19,1,-1,4,-13,10,-9,-8,15,7
"770",3,9,2,5,6,15,8,29,12,14,3,10,16,-1,-11,18,-3,-14,-2,4,-17,2,-11,-10,6,1
"771",3,9,2,6,7,16,6,29,9,13,1,10,9,-6,-17,15,-13,-5,2,-2,-20,18,-10,-7,12,3
"772",3,9,2,7,6,14,9,29,10,14,-2,12,10,-4,-23,22,-14,-6,-11,1,-14,13,-9,-8,3,-1
"773",3,9,2,8,15,11,3,29,8,14,-7,7,15,-2,-16,18,-12,-8,-6,13,-12,10,-9,-8,13,12
"774",3,9,2,9,12,9,8,29,9,13,4,12,13,-2,-8,13,-6,-15,-10,-2,-9,11,-11,-9,10,4
"775",3,9,3,1,7,10,12,29,24,6,-7,20,2,0,-10,13,-7,-14,-2,8,-11,18,-8,-9,11,6
"776",3,9,3,2,7,13,9,29,13,0,-5,18,10,0,-1,10,-9,-14,-8,-3,-18,15,0,-3,8,10
"777",3,9,3,3,4,10,15,29,14,-3,-9,22,-1,-7,-11,1,-8,-12,-4,0,-13,18,-4,-11,12,15
"778",3,9,3,4,6,4,19,29,15,-3,-6,20,9,-5,-11,17,-11,-16,-6,-10,-9,14,-9,-13,12,10
"779",3,9,3,5,6,9,14,29,13,-1,-7,23,11,-4,-5,16,-2,-11,-9,2,-11,9,-5,-17,18,3
"780",3,9,3,6,3,5,21,29,16,-3,-4,20,13,5,-20,18,-8,-12,-4,-3,-23,21,-3,-11,2,-3
"781",3,9,3,7,6,13,10,29,14,-2,-2,12,4,4,-13,4,2,-16,7,-2,-22,11,-5,-12,10,10
"782",3,9,3,8,7,2,20,29,16,-10,-6,20,19,-11,-8,11,-13,-22,-3,-1,-18,20,-3,-14,12,4
"783",3,9,3,9,2,8,19,29,17,-12,-12,19,4,-6,-11,9,-8,-14,-8,-2,-18,9,2,-21,11,1
"784",3,10,1,1,18,8,3,29,12,2,-5,19,14,-4,-17,2,-4,-7,4,0,-1,8,0,-11,11,10
"785",3,10,1,2,9,11,9,29,7,5,-10,18,15,-2,-8,5,-7,-11,-15,12,-4,7,-5,-9,14,9
"786",3,10,1,3,18,7,4,29,12,3,-10,22,12,-1,-12,15,-12,0,-8,0,-6,10,-6,-7,12,9
"787",3,10,1,4,12,12,5,29,14,-5,-3,14,12,-2,-10,11,-13,2,-10,8,-2,5,-4,-9,9,12
"788",3,10,1,5,22,6,1,29,9,11,-4,20,7,6,-10,13,-6,1,-9,7,-5,13,-9,-10,8,1
"789",3,10,1,6,9,10,10,29,18,-2,-4,17,4,-8,-11,11,-10,-1,-1,9,-12,7,-4,-10,16,3
"790",3,10,1,7,18,8,3,29,12,3,1,10,13,-5,-9,10,-7,1,-4,4,-5,7,-5,-8,14,9
"791",3,10,1,8,17,5,7,29,15,7,-12,23,18,-1,-10,7,-9,-3,-1,0,-11,3,-8,-11,13,19
"792",3,10,1,9,13,9,7,29,22,-3,-4,17,6,-4,-3,12,-6,1,-5,3,-1,4,-11,-12,13,8
"793",3,10,2,1,8,13,8,29,9,13,-1,2,14,0,-5,18,-19,-4,-6,1,-8,6,-10,-7,16,6
"794",3,10,2,2,8,18,3,29,10,12,6,5,11,-1,-18,22,-10,-1,-1,4,-14,10,-11,-7,13,-5
"795",3,10,2,3,4,17,8,29,8,22,-1,9,8,2,-4,12,-5,-16,0,2,-13,13,-9,-12,11,3
"796",3,10,2,4,4,21,4,29,8,5,-1,11,21,7,-9,14,-19,1,-1,4,-13,10,-9,-8,15,7
"797",3,10,2,5,4,18,7,29,12,14,3,10,16,-1,-11,18,-3,-14,-2,4,-17,2,-11,-10,6,1
"798",3,10,2,6,6,13,10,29,9,13,1,10,9,-6,-17,15,-13,-5,2,-2,-20,18,-10,-7,12,3
"799",3,10,2,7,10,9,10,29,10,14,-2,12,10,-4,-23,22,-14,-6,-11,1,-14,13,-9,-8,3,-1
"800",3,10,2,8,9,13,7,29,8,14,-7,7,15,-2,-16,18,-12,-8,-6,13,-12,10,-9,-8,13,12
"801",3,10,2,9,7,13,9,29,9,13,4,12,13,-2,-8,13,-6,-15,-10,-2,-9,11,-11,-9,10,4
"802",3,10,3,1,2,9,18,29,24,6,-7,20,2,0,-10,13,-7,-14,-2,8,-11,18,-8,-9,11,6
"803",3,10,3,2,3,11,15,29,13,0,-5,18,10,0,-1,10,-9,-14,-8,-3,-18,15,0,-3,8,10
"804",3,10,3,3,3,7,19,29,14,-3,-9,22,-1,-7,-11,1,-8,-12,-4,0,-13,18,-4,-11,12,15
"805",3,10,3,4,3,4,22,29,15,-3,-6,20,9,-5,-11,17,-11,-16,-6,-10,-9,14,-9,-13,12,10
"806",3,10,3,5,4,7,18,29,13,-1,-7,23,11,-4,-5,16,-2,-11,-9,2,-11,9,-5,-17,18,3
"807",3,10,3,6,4,9,16,29,16,-3,-4,20,13,5,-20,18,-8,-12,-4,-3,-23,21,-3,-11,2,-3
"808",3,10,3,7,6,9,14,29,14,-2,-2,12,4,4,-13,4,2,-16,7,-2,-22,11,-5,-12,10,10
"809",3,10,3,8,6,5,18,29,16,-10,-6,20,19,-11,-8,11,-13,-22,-3,-1,-18,20,-3,-14,12,4
"810",3,10,3,9,5,5,19,29,17,-12,-12,19,4,-6,-11,9,-8,-14,-8,-2,-18,9,2,-21,11,1
"811",4,1,1,1,14,10,5,29,13,-7,4,12,14,-2,-16,9,-11,-1,-6,0,-5,8,-6,-9,17,5
"812",4,1,1,2,7,11,11,29,14,3,-5,17,22,6,-10,9,-12,0,-4,3,-3,7,-6,-10,8,10
"813",4,1,1,3,8,14,7,29,22,3,-7,20,9,6,-9,9,-16,1,-4,6,-2,10,-10,-12,12,10
"814",4,1,1,4,7,15,7,29,13,3,-5,18,11,-4,-10,10,-10,-2,-6,5,-5,8,-1,-11,13,9
"815",4,1,1,5,8,17,4,29,15,2,-7,19,15,-2,-9,12,-11,-2,-2,1,-4,10,-7,-8,12,10
"816",4,1,1,6,7,8,14,29,19,7,2,11,21,-12,-13,7,-8,1,-8,6,-1,6,0,-8,17,1
"817",4,1,1,7,12,11,6,29,13,2,-6,20,13,-3,-10,10,-11,-1,1,8,-9,3,-7,-8,12,10
"818",4,1,1,8,15,9,5,29,17,7,-6,20,16,-4,-8,11,-6,4,-4,9,-10,8,-14,-9,8,7
"819",4,1,1,9,14,4,11,29,18,3,-8,14,8,0,-11,8,-19,-10,-7,1,-15,2,-11,-16,19,18
"820",4,1,2,1,13,13,3,29,10,13,-1,10,13,-1,-14,20,-12,-6,-2,4,-13,11,-9,-9,11,4
"821",4,1,2,2,10,13,6,29,12,10,6,6,17,1,-11,20,-12,-7,1,1,-15,11,-10,3,9,3
"822",4,1,2,3,9,11,9,29,20,18,6,1,9,0,-4,15,-14,-11,-2,4,-14,3,-7,-11,12,0
"823",4,1,2,4,7,10,12,29,10,13,-9,14,14,-1,-13,20,-8,-5,-1,3,-14,11,-9,-7,11,4
"824",4,1,2,5,10,13,6,29,11,13,1,11,14,1,-13,21,-14,-5,-3,2,-18,16,-6,-10,11,6
"825",4,1,2,6,10,9,10,29,11,13,0,12,12,-1,-10,20,-8,-10,-5,-7,-16,18,-8,-6,10,-6
"826",4,1,2,7,11,12,6,29,10,14,0,11,12,0,-14,20,-12,-4,-1,3,-13,10,-9,-7,11,4
"827",4,1,2,8,14,12,3,29,9,13,-1,11,11,1,-11,18,-16,-13,3,1,-15,12,-10,-6,8,-1
"828",4,1,2,9,14,14,1,29,6,17,4,9,21,-4,-15,22,-11,-7,-10,7,-15,18,-13,-13,2,5
"829",4,1,3,1,10,8,11,29,14,-1,-3,19,9,-5,-10,9,-6,-13,-2,0,-13,19,-3,-12,13,5
"830",4,1,3,2,4,15,10,29,17,2,-4,16,16,-10,-11,10,-12,-12,-5,1,-9,22,-1,-11,12,4
"831",4,1,3,3,11,6,12,29,20,2,-3,21,9,-5,-10,10,-11,-21,-3,1,-19,16,-2,-11,12,3
"832",4,1,3,4,4,8,17,29,14,-2,-5,20,9,-4,-10,11,-8,-14,-3,-1,-13,23,-4,-11,11,5
"833",4,1,3,5,6,10,13,29,15,-3,-4,19,8,-3,-9,8,-8,-14,-4,5,-15,21,-2,-10,11,6
"834",4,1,3,6,5,11,13,29,12,-4,3,19,10,-3,0,0,-15,-17,-6,-9,-13,14,-4,-11,20,13
"835",4,1,3,7,6,10,13,29,15,-2,-4,19,10,-5,-10,8,-5,-12,-3,0,-14,20,-2,-13,12,6
"836",4,1,3,8,6,7,16,29,14,-1,0,14,7,-6,-9,8,-5,-14,-3,1,-15,23,-3,-13,11,5
"837",4,1,3,9,14,11,4,29,14,3,-9,12,6,-6,-17,2,-8,-13,-4,-1,-14,19,-11,-7,7,2
"838",4,2,1,1,14,10,5,29,13,-7,4,12,14,-2,-16,9,-11,-1,-6,0,-5,8,-6,-9,17,5
"839",4,2,1,2,17,4,8,29,14,3,-5,17,22,6,-10,9,-12,0,-4,3,-3,7,-6,-10,8,10
"840",4,2,1,3,16,8,5,29,22,3,-7,20,9,6,-9,9,-16,1,-4,6,-2,10,-10,-12,12,10
"841",4,2,1,4,7,16,6,29,13,3,-5,18,11,-4,-10,10,-10,-2,-6,5,-5,8,-1,-11,13,9
"842",4,2,1,5,9,15,5,29,15,2,-7,19,15,-2,-9,12,-11,-2,-2,1,-4,10,-7,-8,12,10
"843",4,2,1,6,14,6,9,29,19,7,2,11,21,-12,-13,7,-8,1,-8,6,-1,6,0,-8,17,1
"844",4,2,1,7,11,14,4,29,13,2,-6,20,13,-3,-10,10,-11,-1,1,8,-9,3,-7,-8,12,10
"845",4,2,1,8,8,14,7,29,17,7,-6,20,16,-4,-8,11,-6,4,-4,9,-10,8,-14,-9,8,7
"846",4,2,1,9,11,7,11,29,18,3,-8,14,8,0,-11,8,-19,-10,-7,1,-15,2,-11,-16,19,18
"847",4,2,2,1,10,14,5,29,10,13,-1,10,13,-1,-14,20,-12,-6,-2,4,-13,11,-9,-9,11,4
"848",4,2,2,2,11,13,5,29,12,10,6,6,17,1,-11,20,-12,-7,1,1,-15,11,-10,3,9,3
"849",4,2,2,3,11,11,7,29,20,18,6,1,9,0,-4,15,-14,-11,-2,4,-14,3,-7,-11,12,0
"850",4,2,2,4,10,12,7,29,10,13,-9,14,14,-1,-13,20,-8,-5,-1,3,-14,11,-9,-7,11,4
"851",4,2,2,5,5,14,10,29,11,13,1,11,14,1,-13,21,-14,-5,-3,2,-18,16,-6,-10,11,6
"852",4,2,2,6,11,10,8,29,11,13,0,12,12,-1,-10,20,-8,-10,-5,-7,-16,18,-8,-6,10,-6
"853",4,2,2,7,13,12,4,29,10,14,0,11,12,0,-14,20,-12,-4,-1,3,-13,10,-9,-7,11,4
"854",4,2,2,8,9,12,8,29,9,13,-1,11,11,1,-11,18,-16,-13,3,1,-15,12,-10,-6,8,-1
"855",4,2,2,9,15,8,6,29,6,17,4,9,21,-4,-15,22,-11,-7,-10,7,-15,18,-13,-13,2,5
"856",4,2,3,1,4,7,18,29,14,-1,-3,19,9,-5,-10,9,-6,-13,-2,0,-13,19,-3,-12,13,5
"857",4,2,3,2,5,14,10,29,17,2,-4,16,16,-10,-11,10,-12,-12,-5,1,-9,22,-1,-11,12,4
"858",4,2,3,3,4,7,18,29,20,2,-3,21,9,-5,-10,10,-11,-21,-3,1,-19,16,-2,-11,12,3
"859",4,2,3,4,4,9,16,29,14,-2,-5,20,9,-4,-10,11,-8,-14,-3,-1,-13,23,-4,-11,11,5
"860",4,2,3,5,4,8,17,29,15,-3,-4,19,8,-3,-9,8,-8,-14,-4,5,-15,21,-2,-10,11,6
"861",4,2,3,6,4,13,12,29,12,-4,3,19,10,-3,0,0,-15,-17,-6,-9,-13,14,-4,-11,20,13
"862",4,2,3,7,6,4,19,29,15,-2,-4,19,10,-5,-10,8,-5,-12,-3,0,-14,20,-2,-13,12,6
"863",4,2,3,8,0,9,20,29,14,-1,0,14,7,-6,-9,8,-5,-14,-3,1,-15,23,-3,-13,11,5
"864",4,2,3,9,10,12,7,29,14,3,-9,12,6,-6,-17,2,-8,-13,-4,-1,-14,19,-11,-7,7,2
"865",4,3,1,1,17,7,5,29,13,-7,4,12,14,-2,-16,9,-11,-1,-6,0,-5,8,-6,-9,17,5
"866",4,3,1,2,17,11,1,29,14,3,-5,17,22,6,-10,9,-12,0,-4,3,-3,7,-6,-10,8,10
"867",4,3,1,3,8,9,12,29,22,3,-7,20,9,6,-9,9,-16,1,-4,6,-2,10,-10,-12,12,10
"868",4,3,1,4,11,14,4,29,13,3,-5,18,11,-4,-10,10,-10,-2,-6,5,-5,8,-1,-11,13,9
"869",4,3,1,5,16,10,3,29,15,2,-7,19,15,-2,-9,12,-11,-2,-2,1,-4,10,-7,-8,12,10
"870",4,3,1,6,15,9,5,29,19,7,2,11,21,-12,-13,7,-8,1,-8,6,-1,6,0,-8,17,1
"871",4,3,1,7,10,18,1,29,13,2,-6,20,13,-3,-10,10,-11,-1,1,8,-9,3,-7,-8,12,10
"872",4,3,1,8,12,12,5,29,17,7,-6,20,16,-4,-8,11,-6,4,-4,9,-10,8,-14,-9,8,7
"873",4,3,1,9,13,5,11,29,18,3,-8,14,8,0,-11,8,-19,-10,-7,1,-15,2,-11,-16,19,18
"874",4,3,2,1,9,16,4,29,10,13,-1,10,13,-1,-14,20,-12,-6,-2,4,-13,11,-9,-9,11,4
"875",4,3,2,2,6,16,7,29,12,10,6,6,17,1,-11,20,-12,-7,1,1,-15,11,-10,3,9,3
"876",4,3,2,3,8,12,9,29,20,18,6,1,9,0,-4,15,-14,-11,-2,4,-14,3,-7,-11,12,0
"877",4,3,2,4,16,10,3,29,10,13,-9,14,14,-1,-13,20,-8,-5,-1,3,-14,11,-9,-7,11,4
"878",4,3,2,5,6,16,7,29,11,13,1,11,14,1,-13,21,-14,-5,-3,2,-18,16,-6,-10,11,6
"879",4,3,2,6,11,12,6,29,11,13,0,12,12,-1,-10,20,-8,-10,-5,-7,-16,18,-8,-6,10,-6
"880",4,3,2,7,9,18,2,29,10,14,0,11,12,0,-14,20,-12,-4,-1,3,-13,10,-9,-7,11,4
"881",4,3,2,8,9,13,7,29,9,13,-1,11,11,1,-11,18,-16,-13,3,1,-15,12,-10,-6,8,-1
"882",4,3,2,9,12,10,7,29,6,17,4,9,21,-4,-15,22,-11,-7,-10,7,-15,18,-13,-13,2,5
"883",4,3,3,1,3,5,21,29,14,-1,-3,19,9,-5,-10,9,-6,-13,-2,0,-13,19,-3,-12,13,5
"884",4,3,3,2,6,7,16,29,17,2,-4,16,16,-10,-11,10,-12,-12,-5,1,-9,22,-1,-11,12,4
"885",4,3,3,3,4,3,22,29,20,2,-3,21,9,-5,-10,10,-11,-21,-3,1,-19,16,-2,-11,12,3
"886",4,3,3,4,1,9,19,29,14,-2,-5,20,9,-4,-10,11,-8,-14,-3,-1,-13,23,-4,-11,11,5
"887",4,3,3,5,6,7,16,29,15,-3,-4,19,8,-3,-9,8,-8,-14,-4,5,-15,21,-2,-10,11,6
"888",4,3,3,6,5,12,12,29,12,-4,3,19,10,-3,0,0,-15,-17,-6,-9,-13,14,-4,-11,20,13
"889",4,3,3,7,2,12,15,29,15,-2,-4,19,10,-5,-10,8,-5,-12,-3,0,-14,20,-2,-13,12,6
"890",4,3,3,8,3,7,19,29,14,-1,0,14,7,-6,-9,8,-5,-14,-3,1,-15,23,-3,-13,11,5
"891",4,3,3,9,12,10,7,29,14,3,-9,12,6,-6,-17,2,-8,-13,-4,-1,-14,19,-11,-7,7,2
"892",4,4,1,1,13,15,1,29,13,-7,4,12,14,-2,-16,9,-11,-1,-6,0,-5,8,-6,-9,17,5
"893",4,4,1,2,15,10,4,29,14,3,-5,17,22,6,-10,9,-12,0,-4,3,-3,7,-6,-10,8,10
"894",4,4,1,3,13,9,7,29,22,3,-7,20,9,6,-9,9,-16,1,-4,6,-2,10,-10,-12,12,10
"895",4,4,1,4,10,14,5,29,13,3,-5,18,11,-4,-10,10,-10,-2,-6,5,-5,8,-1,-11,13,9
"896",4,4,1,5,11,14,4,29,15,2,-7,19,15,-2,-9,12,-11,-2,-2,1,-4,10,-7,-8,12,10
"897",4,4,1,6,11,7,11,29,19,7,2,11,21,-12,-13,7,-8,1,-8,6,-1,6,0,-8,17,1
"898",4,4,1,7,14,15,0,29,13,2,-6,20,13,-3,-10,10,-11,-1,1,8,-9,3,-7,-8,12,10
"899",4,4,1,8,15,12,2,29,17,7,-6,20,16,-4,-8,11,-6,4,-4,9,-10,8,-14,-9,8,7
"900",4,4,1,9,10,8,11,29,18,3,-8,14,8,0,-11,8,-19,-10,-7,1,-15,2,-11,-16,19,18
"901",4,4,2,1,5,19,5,29,10,13,-1,10,13,-1,-14,20,-12,-6,-2,4,-13,11,-9,-9,11,4
"902",4,4,2,2,13,13,3,29,12,10,6,6,17,1,-11,20,-12,-7,1,1,-15,11,-10,3,9,3
"903",4,4,2,3,5,15,9,29,20,18,6,1,9,0,-4,15,-14,-11,-2,4,-14,3,-7,-11,12,0
"904",4,4,2,4,10,14,5,29,10,13,-9,14,14,-1,-13,20,-8,-5,-1,3,-14,11,-9,-7,11,4
"905",4,4,2,5,9,13,7,29,11,13,1,11,14,1,-13,21,-14,-5,-3,2,-18,16,-6,-10,11,6
"906",4,4,2,6,9,14,6,29,11,13,0,12,12,-1,-10,20,-8,-10,-5,-7,-16,18,-8,-6,10,-6
"907",4,4,2,7,6,22,1,29,10,14,0,11,12,0,-14,20,-12,-4,-1,3,-13,10,-9,-7,11,4
"908",4,4,2,8,7,12,10,29,9,13,-1,11,11,1,-11,18,-16,-13,3,1,-15,12,-10,-6,8,-1
"909",4,4,2,9,10,11,8,29,6,17,4,9,21,-4,-15,22,-11,-7,-10,7,-15,18,-13,-13,2,5
"910",4,4,3,1,2,9,18,29,14,-1,-3,19,9,-5,-10,9,-6,-13,-2,0,-13,19,-3,-12,13,5
"911",4,4,3,2,8,9,12,29,17,2,-4,16,16,-10,-11,10,-12,-12,-5,1,-9,22,-1,-11,12,4
"912",4,4,3,3,5,2,22,29,20,2,-3,21,9,-5,-10,10,-11,-21,-3,1,-19,16,-2,-11,12,3
"913",4,4,3,4,6,3,20,29,14,-2,-5,20,9,-4,-10,11,-8,-14,-3,-1,-13,23,-4,-11,11,5
"914",4,4,3,5,3,6,20,29,15,-3,-4,19,8,-3,-9,8,-8,-14,-4,5,-15,21,-2,-10,11,6
"915",4,4,3,6,8,8,13,29,12,-4,3,19,10,-3,0,0,-15,-17,-6,-9,-13,14,-4,-11,20,13
"916",4,4,3,7,8,3,18,29,15,-2,-4,19,10,-5,-10,8,-5,-12,-3,0,-14,20,-2,-13,12,6
"917",4,4,3,8,3,5,21,29,14,-1,0,14,7,-6,-9,8,-5,-14,-3,1,-15,23,-3,-13,11,5
"918",4,4,3,9,12,9,8,29,14,3,-9,12,6,-6,-17,2,-8,-13,-4,-1,-14,19,-11,-7,7,2
"919",4,5,1,1,17,9,3,29,13,-7,4,12,14,-2,-16,9,-11,-1,-6,0,-5,8,-6,-9,17,5
"920",4,5,1,2,12,12,5,29,14,3,-5,17,22,6,-10,9,-12,0,-4,3,-3,7,-6,-10,8,10
"921",4,5,1,3,14,7,8,29,22,3,-7,20,9,6,-9,9,-16,1,-4,6,-2,10,-10,-12,12,10
"922",4,5,1,4,11,11,7,29,13,3,-5,18,11,-4,-10,10,-10,-2,-6,5,-5,8,-1,-11,13,9
"923",4,5,1,5,13,12,4,29,15,2,-7,19,15,-2,-9,12,-11,-2,-2,1,-4,10,-7,-8,12,10
"924",4,5,1,6,19,7,3,29,19,7,2,11,21,-12,-13,7,-8,1,-8,6,-1,6,0,-8,17,1
"925",4,5,1,7,23,5,1,29,13,2,-6,20,13,-3,-10,10,-11,-1,1,8,-9,3,-7,-8,12,10
"926",4,5,1,8,15,8,6,29,17,7,-6,20,16,-4,-8,11,-6,4,-4,9,-10,8,-14,-9,8,7
"927",4,5,1,9,16,8,5,29,18,3,-8,14,8,0,-11,8,-19,-10,-7,1,-15,2,-11,-16,19,18
"928",4,5,2,1,9,19,1,29,10,13,-1,10,13,-1,-14,20,-12,-6,-2,4,-13,11,-9,-9,11,4
"929",4,5,2,2,8,14,7,29,12,10,6,6,17,1,-11,20,-12,-7,1,1,-15,11,-10,3,9,3
"930",4,5,2,3,6,14,9,29,20,18,6,1,9,0,-4,15,-14,-11,-2,4,-14,3,-7,-11,12,0
"931",4,5,2,4,9,13,7,29,10,13,-9,14,14,-1,-13,20,-8,-5,-1,3,-14,11,-9,-7,11,4
"932",4,5,2,5,4,19,6,29,11,13,1,11,14,1,-13,21,-14,-5,-3,2,-18,16,-6,-10,11,6
"933",4,5,2,6,9,16,4,29,11,13,0,12,12,-1,-10,20,-8,-10,-5,-7,-16,18,-8,-6,10,-6
"934",4,5,2,7,4,22,3,29,10,14,0,11,12,0,-14,20,-12,-4,-1,3,-13,10,-9,-7,11,4
"935",4,5,2,8,7,14,8,29,9,13,-1,11,11,1,-11,18,-16,-13,3,1,-15,12,-10,-6,8,-1
"936",4,5,2,9,11,14,4,29,6,17,4,9,21,-4,-15,22,-11,-7,-10,7,-15,18,-13,-13,2,5
"937",4,5,3,1,2,6,21,29,14,-1,-3,19,9,-5,-10,9,-6,-13,-2,0,-13,19,-3,-12,13,5
"938",4,5,3,2,8,6,15,29,17,2,-4,16,16,-10,-11,10,-12,-12,-5,1,-9,22,-1,-11,12,4
"939",4,5,3,3,3,4,22,29,20,2,-3,21,9,-5,-10,10,-11,-21,-3,1,-19,16,-2,-11,12,3
"940",4,5,3,4,3,3,23,29,14,-2,-5,20,9,-4,-10,11,-8,-14,-3,-1,-13,23,-4,-11,11,5
"941",4,5,3,5,2,5,22,29,15,-3,-4,19,8,-3,-9,8,-8,-14,-4,5,-15,21,-2,-10,11,6
"942",4,5,3,6,6,7,16,29,12,-4,3,19,10,-3,0,0,-15,-17,-6,-9,-13,14,-4,-11,20,13
"943",4,5,3,7,2,9,18,29,15,-2,-4,19,10,-5,-10,8,-5,-12,-3,0,-14,20,-2,-13,12,6
"944",4,5,3,8,1,2,26,29,14,-1,0,14,7,-6,-9,8,-5,-14,-3,1,-15,23,-3,-13,11,5
"945",4,5,3,9,11,8,10,29,14,3,-9,12,6,-6,-17,2,-8,-13,-4,-1,-14,19,-11,-7,7,2
"946",4,6,1,1,18,8,3,29,13,-7,4,12,14,-2,-16,9,-11,-1,-6,0,-5,8,-6,-9,17,5
"947",4,6,1,2,16,7,6,29,14,3,-5,17,22,6,-10,9,-12,0,-4,3,-3,7,-6,-10,8,10
"948",4,6,1,3,14,9,6,29,22,3,-7,20,9,6,-9,9,-16,1,-4,6,-2,10,-10,-12,12,10
"949",4,6,1,4,17,8,4,29,13,3,-5,18,11,-4,-10,10,-10,-2,-6,5,-5,8,-1,-11,13,9
"950",4,6,1,5,13,12,4,29,15,2,-7,19,15,-2,-9,12,-11,-2,-2,1,-4,10,-7,-8,12,10
"951",4,6,1,6,12,10,7,29,19,7,2,11,21,-12,-13,7,-8,1,-8,6,-1,6,0,-8,17,1
"952",4,6,1,7,16,11,2,29,13,2,-6,20,13,-3,-10,10,-11,-1,1,8,-9,3,-7,-8,12,10
"953",4,6,1,8,15,11,3,29,17,7,-6,20,16,-4,-8,11,-6,4,-4,9,-10,8,-14,-9,8,7
"954",4,6,1,9,15,9,5,29,18,3,-8,14,8,0,-11,8,-19,-10,-7,1,-15,2,-11,-16,19,18
"955",4,6,2,1,7,18,4,29,10,13,-1,10,13,-1,-14,20,-12,-6,-2,4,-13,11,-9,-9,11,4
"956",4,6,2,2,14,8,7,29,12,10,6,6,17,1,-11,20,-12,-7,1,1,-15,11,-10,3,9,3
"957",4,6,2,3,7,13,9,29,20,18,6,1,9,0,-4,15,-14,-11,-2,4,-14,3,-7,-11,12,0
"958",4,6,2,4,10,16,3,29,10,13,-9,14,14,-1,-13,20,-8,-5,-1,3,-14,11,-9,-7,11,4
"959",4,6,2,5,10,13,6,29,11,13,1,11,14,1,-13,21,-14,-5,-3,2,-18,16,-6,-10,11,6
"960",4,6,2,6,11,14,4,29,11,13,0,12,12,-1,-10,20,-8,-10,-5,-7,-16,18,-8,-6,10,-6
"961",4,6,2,7,7,19,3,29,10,14,0,11,12,0,-14,20,-12,-4,-1,3,-13,10,-9,-7,11,4
"962",4,6,2,8,7,16,6,29,9,13,-1,11,11,1,-11,18,-16,-13,3,1,-15,12,-10,-6,8,-1
"963",4,6,2,9,6,16,7,29,6,17,4,9,21,-4,-15,22,-11,-7,-10,7,-15,18,-13,-13,2,5
"964",4,6,3,1,2,6,21,29,14,-1,-3,19,9,-5,-10,9,-6,-13,-2,0,-13,19,-3,-12,13,5
"965",4,6,3,2,2,9,18,29,17,2,-4,16,16,-10,-11,10,-12,-12,-5,1,-9,22,-1,-11,12,4
"966",4,6,3,3,1,4,24,29,20,2,-3,21,9,-5,-10,10,-11,-21,-3,1,-19,16,-2,-11,12,3
"967",4,6,3,4,4,3,22,29,14,-2,-5,20,9,-4,-10,11,-8,-14,-3,-1,-13,23,-4,-11,11,5
"968",4,6,3,5,2,8,19,29,15,-3,-4,19,8,-3,-9,8,-8,-14,-4,5,-15,21,-2,-10,11,6
"969",4,6,3,6,5,6,18,29,12,-4,3,19,10,-3,0,0,-15,-17,-6,-9,-13,14,-4,-11,20,13
"970",4,6,3,7,3,3,23,29,15,-2,-4,19,10,-5,-10,8,-5,-12,-3,0,-14,20,-2,-13,12,6
"971",4,6,3,8,4,0,25,29,14,-1,0,14,7,-6,-9,8,-5,-14,-3,1,-15,23,-3,-13,11,5
"972",4,6,3,9,8,10,11,29,14,3,-9,12,6,-6,-17,2,-8,-13,-4,-1,-14,19,-11,-7,7,2
"973",4,7,1,1,19,7,3,29,13,-7,4,12,14,-2,-16,9,-11,-1,-6,0,-5,8,-6,-9,17,5
"974",4,7,1,2,12,12,5,29,14,3,-5,17,22,6,-10,9,-12,0,-4,3,-3,7,-6,-10,8,10
"975",4,7,1,3,13,11,5,29,22,3,-7,20,9,6,-9,9,-16,1,-4,6,-2,10,-10,-12,12,10
"976",4,7,1,4,13,12,4,29,13,3,-5,18,11,-4,-10,10,-10,-2,-6,5,-5,8,-1,-11,13,9
"977",4,7,1,5,14,15,0,29,15,2,-7,19,15,-2,-9,12,-11,-2,-2,1,-4,10,-7,-8,12,10
"978",4,7,1,6,12,7,10,29,19,7,2,11,21,-12,-13,7,-8,1,-8,6,-1,6,0,-8,17,1
"979",4,7,1,7,21,7,1,29,13,2,-6,20,13,-3,-10,10,-11,-1,1,8,-9,3,-7,-8,12,10
"980",4,7,1,8,14,9,6,29,17,7,-6,20,16,-4,-8,11,-6,4,-4,9,-10,8,-14,-9,8,7
"981",4,7,1,9,19,5,5,29,18,3,-8,14,8,0,-11,8,-19,-10,-7,1,-15,2,-11,-16,19,18
"982",4,7,2,1,6,18,5,29,10,13,-1,10,13,-1,-14,20,-12,-6,-2,4,-13,11,-9,-9,11,4
"983",4,7,2,2,12,12,5,29,12,10,6,6,17,1,-11,20,-12,-7,1,1,-15,11,-10,3,9,3
"984",4,7,2,3,8,13,8,29,20,18,6,1,9,0,-4,15,-14,-11,-2,4,-14,3,-7,-11,12,0
"985",4,7,2,4,7,16,6,29,10,13,-9,14,14,-1,-13,20,-8,-5,-1,3,-14,11,-9,-7,11,4
"986",4,7,2,5,6,19,4,29,11,13,1,11,14,1,-13,21,-14,-5,-3,2,-18,16,-6,-10,11,6
"987",4,7,2,6,11,16,2,29,11,13,0,12,12,-1,-10,20,-8,-10,-5,-7,-16,18,-8,-6,10,-6
"988",4,7,2,7,4,22,3,29,10,14,0,11,12,0,-14,20,-12,-4,-1,3,-13,10,-9,-7,11,4
"989",4,7,2,8,6,13,10,29,9,13,-1,11,11,1,-11,18,-16,-13,3,1,-15,12,-10,-6,8,-1
"990",4,7,2,9,8,12,9,29,6,17,4,9,21,-4,-15,22,-11,-7,-10,7,-15,18,-13,-13,2,5
"991",4,7,3,1,3,6,20,29,14,-1,-3,19,9,-5,-10,9,-6,-13,-2,0,-13,19,-3,-12,13,5
"992",4,7,3,2,5,11,13,29,17,2,-4,16,16,-10,-11,10,-12,-12,-5,1,-9,22,-1,-11,12,4
"993",4,7,3,3,3,5,21,29,20,2,-3,21,9,-5,-10,10,-11,-21,-3,1,-19,16,-2,-11,12,3
"994",4,7,3,4,4,3,22,29,14,-2,-5,20,9,-4,-10,11,-8,-14,-3,-1,-13,23,-4,-11,11,5
"995",4,7,3,5,1,3,25,29,15,-3,-4,19,8,-3,-9,8,-8,-14,-4,5,-15,21,-2,-10,11,6
"996",4,7,3,6,1,7,21,29,12,-4,3,19,10,-3,0,0,-15,-17,-6,-9,-13,14,-4,-11,20,13
"997",4,7,3,7,2,7,20,29,15,-2,-4,19,10,-5,-10,8,-5,-12,-3,0,-14,20,-2,-13,12,6
"998",4,7,3,8,1,4,24,29,14,-1,0,14,7,-6,-9,8,-5,-14,-3,1,-15,23,-3,-13,11,5
"999",4,7,3,9,10,9,10,29,14,3,-9,12,6,-6,-17,2,-8,-13,-4,-1,-14,19,-11,-7,7,2
"1000",4,8,1,1,18,8,3,29,13,-7,4,12,14,-2,-16,9,-11,-1,-6,0,-5,8,-6,-9,17,5
"1001",4,8,1,2,15,12,2,29,14,3,-5,17,22,6,-10,9,-12,0,-4,3,-3,7,-6,-10,8,10
"1002",4,8,1,3,16,9,4,29,22,3,-7,20,9,6,-9,9,-16,1,-4,6,-2,10,-10,-12,12,10
"1003",4,8,1,4,18,8,3,29,13,3,-5,18,11,-4,-10,10,-10,-2,-6,5,-5,8,-1,-11,13,9
"1004",4,8,1,5,16,12,1,29,15,2,-7,19,15,-2,-9,12,-11,-2,-2,1,-4,10,-7,-8,12,10
"1005",4,8,1,6,15,6,8,29,19,7,2,11,21,-12,-13,7,-8,1,-8,6,-1,6,0,-8,17,1
"1006",4,8,1,7,18,9,2,29,13,2,-6,20,13,-3,-10,10,-11,-1,1,8,-9,3,-7,-8,12,10
"1007",4,8,1,8,20,6,3,29,17,7,-6,20,16,-4,-8,11,-6,4,-4,9,-10,8,-14,-9,8,7
"1008",4,8,1,9,18,5,6,29,18,3,-8,14,8,0,-11,8,-19,-10,-7,1,-15,2,-11,-16,19,18
"1009",4,8,2,1,6,20,3,29,10,13,-1,10,13,-1,-14,20,-12,-6,-2,4,-13,11,-9,-9,11,4
"1010",4,8,2,2,11,11,7,29,12,10,6,6,17,1,-11,20,-12,-7,1,1,-15,11,-10,3,9,3
"1011",4,8,2,3,4,16,9,29,20,18,6,1,9,0,-4,15,-14,-11,-2,4,-14,3,-7,-11,12,0
"1012",4,8,2,4,10,19,0,29,10,13,-9,14,14,-1,-13,20,-8,-5,-1,3,-14,11,-9,-7,11,4
"1013",4,8,2,5,7,17,5,29,11,13,1,11,14,1,-13,21,-14,-5,-3,2,-18,16,-6,-10,11,6
"1014",4,8,2,6,4,19,6,29,11,13,0,12,12,-1,-10,20,-8,-10,-5,-7,-16,18,-8,-6,10,-6
"1015",4,8,2,7,5,22,2,29,10,14,0,11,12,0,-14,20,-12,-4,-1,3,-13,10,-9,-7,11,4
"1016",4,8,2,8,6,18,5,29,9,13,-1,11,11,1,-11,18,-16,-13,3,1,-15,12,-10,-6,8,-1
"1017",4,8,2,9,4,19,6,29,6,17,4,9,21,-4,-15,22,-11,-7,-10,7,-15,18,-13,-13,2,5
"1018",4,8,3,1,1,6,22,29,14,-1,-3,19,9,-5,-10,9,-6,-13,-2,0,-13,19,-3,-12,13,5
"1019",4,8,3,2,4,5,20,29,17,2,-4,16,16,-10,-11,10,-12,-12,-5,1,-9,22,-1,-11,12,4
"1020",4,8,3,3,2,1,26,29,20,2,-3,21,9,-5,-10,10,-11,-21,-3,1,-19,16,-2,-11,12,3
"1021",4,8,3,4,1,4,24,29,14,-2,-5,20,9,-4,-10,11,-8,-14,-3,-1,-13,23,-4,-11,11,5
"1022",4,8,3,5,2,2,25,29,15,-3,-4,19,8,-3,-9,8,-8,-14,-4,5,-15,21,-2,-10,11,6
"1023",4,8,3,6,4,7,18,29,12,-4,3,19,10,-3,0,0,-15,-17,-6,-9,-13,14,-4,-11,20,13
"1024",4,8,3,7,2,3,24,29,15,-2,-4,19,10,-5,-10,8,-5,-12,-3,0,-14,20,-2,-13,12,6
"1025",4,8,3,8,1,5,23,29,14,-1,0,14,7,-6,-9,8,-5,-14,-3,1,-15,23,-3,-13,11,5
"1026",4,8,3,9,12,9,8,29,14,3,-9,12,6,-6,-17,2,-8,-13,-4,-1,-14,19,-11,-7,7,2
"1027",4,9,1,1,17,11,1,29,13,-7,4,12,14,-2,-16,9,-11,-1,-6,0,-5,8,-6,-9,17,5
"1028",4,9,1,2,18,4,7,29,14,3,-5,17,22,6,-10,9,-12,0,-4,3,-3,7,-6,-10,8,10
"1029",4,9,1,3,17,7,5,29,22,3,-7,20,9,6,-9,9,-16,1,-4,6,-2,10,-10,-12,12,10
"1030",4,9,1,4,17,9,3,29,13,3,-5,18,11,-4,-10,10,-10,-2,-6,5,-5,8,-1,-11,13,9
"1031",4,9,1,5,16,12,1,29,15,2,-7,19,15,-2,-9,12,-11,-2,-2,1,-4,10,-7,-8,12,10
"1032",4,9,1,6,17,6,6,29,19,7,2,11,21,-12,-13,7,-8,1,-8,6,-1,6,0,-8,17,1
"1033",4,9,1,7,19,7,3,29,13,2,-6,20,13,-3,-10,10,-11,-1,1,8,-9,3,-7,-8,12,10
"1034",4,9,1,8,20,8,1,29,17,7,-6,20,16,-4,-8,11,-6,4,-4,9,-10,8,-14,-9,8,7
"1035",4,9,1,9,16,6,7,29,18,3,-8,14,8,0,-11,8,-19,-10,-7,1,-15,2,-11,-16,19,18
"1036",4,9,2,1,5,22,2,29,10,13,-1,10,13,-1,-14,20,-12,-6,-2,4,-13,11,-9,-9,11,4
"1037",4,9,2,2,9,13,7,29,12,10,6,6,17,1,-11,20,-12,-7,1,1,-15,11,-10,3,9,3
"1038",4,9,2,3,8,12,9,29,20,18,6,1,9,0,-4,15,-14,-11,-2,4,-14,3,-7,-11,12,0
"1039",4,9,2,4,9,17,3,29,10,13,-9,14,14,-1,-13,20,-8,-5,-1,3,-14,11,-9,-7,11,4
"1040",4,9,2,5,10,15,4,29,11,13,1,11,14,1,-13,21,-14,-5,-3,2,-18,16,-6,-10,11,6
"1041",4,9,2,6,10,17,2,29,11,13,0,12,12,-1,-10,20,-8,-10,-5,-7,-16,18,-8,-6,10,-6
"1042",4,9,2,7,6,21,2,29,10,14,0,11,12,0,-14,20,-12,-4,-1,3,-13,10,-9,-7,11,4
"1043",4,9,2,8,7,16,6,29,9,13,-1,11,11,1,-11,18,-16,-13,3,1,-15,12,-10,-6,8,-1
"1044",4,9,2,9,6,19,4,29,6,17,4,9,21,-4,-15,22,-11,-7,-10,7,-15,18,-13,-13,2,5
"1045",4,9,3,1,1,6,22,29,14,-1,-3,19,9,-5,-10,9,-6,-13,-2,0,-13,19,-3,-12,13,5
"1046",4,9,3,2,3,6,20,29,17,2,-4,16,16,-10,-11,10,-12,-12,-5,1,-9,22,-1,-11,12,4
"1047",4,9,3,3,2,5,22,29,20,2,-3,21,9,-5,-10,10,-11,-21,-3,1,-19,16,-2,-11,12,3
"1048",4,9,3,4,0,5,24,29,14,-2,-5,20,9,-4,-10,11,-8,-14,-3,-1,-13,23,-4,-11,11,5
"1049",4,9,3,5,1,5,23,29,15,-3,-4,19,8,-3,-9,8,-8,-14,-4,5,-15,21,-2,-10,11,6
"1050",4,9,3,6,5,4,20,29,12,-4,3,19,10,-3,0,0,-15,-17,-6,-9,-13,14,-4,-11,20,13
"1051",4,9,3,7,2,6,21,29,15,-2,-4,19,10,-5,-10,8,-5,-12,-3,0,-14,20,-2,-13,12,6
"1052",4,9,3,8,0,6,23,29,14,-1,0,14,7,-6,-9,8,-5,-14,-3,1,-15,23,-3,-13,11,5
"1053",4,9,3,9,12,6,11,29,14,3,-9,12,6,-6,-17,2,-8,-13,-4,-1,-14,19,-11,-7,7,2
"1054",4,10,1,1,19,6,4,29,13,-7,4,12,14,-2,-16,9,-11,-1,-6,0,-5,8,-6,-9,17,5
"1055",4,10,1,2,21,5,3,29,14,3,-5,17,22,6,-10,9,-12,0,-4,3,-3,7,-6,-10,8,10
"1056",4,10,1,3,17,7,5,29,22,3,-7,20,9,6,-9,9,-16,1,-4,6,-2,10,-10,-12,12,10
"1057",4,10,1,4,17,10,2,29,13,3,-5,18,11,-4,-10,10,-10,-2,-6,5,-5,8,-1,-11,13,9
"1058",4,10,1,5,18,9,2,29,15,2,-7,19,15,-2,-9,12,-11,-2,-2,1,-4,10,-7,-8,12,10
"1059",4,10,1,6,20,5,4,29,19,7,2,11,21,-12,-13,7,-8,1,-8,6,-1,6,0,-8,17,1
"1060",4,10,1,7,16,11,2,29,13,2,-6,20,13,-3,-10,10,-11,-1,1,8,-9,3,-7,-8,12,10
"1061",4,10,1,8,20,7,2,29,17,7,-6,20,16,-4,-8,11,-6,4,-4,9,-10,8,-14,-9,8,7
"1062",4,10,1,9,19,3,7,29,18,3,-8,14,8,0,-11,8,-19,-10,-7,1,-15,2,-11,-16,19,18
"1063",4,10,2,1,5,22,2,29,10,13,-1,10,13,-1,-14,20,-12,-6,-2,4,-13,11,-9,-9,11,4
"1064",4,10,2,2,12,12,5,29,12,10,6,6,17,1,-11,20,-12,-7,1,1,-15,11,-10,3,9,3
"1065",4,10,2,3,7,18,4,29,20,18,6,1,9,0,-4,15,-14,-11,-2,4,-14,3,-7,-11,12,0
"1066",4,10,2,4,12,14,3,29,10,13,-9,14,14,-1,-13,20,-8,-5,-1,3,-14,11,-9,-7,11,4
"1067",4,10,2,5,5,23,1,29,11,13,1,11,14,1,-13,21,-14,-5,-3,2,-18,16,-6,-10,11,6
"1068",4,10,2,6,8,19,2,29,11,13,0,12,12,-1,-10,20,-8,-10,-5,-7,-16,18,-8,-6,10,-6
"1069",4,10,2,7,5,23,1,29,10,14,0,11,12,0,-14,20,-12,-4,-1,3,-13,10,-9,-7,11,4
"1070",4,10,2,8,5,18,6,29,9,13,-1,11,11,1,-11,18,-16,-13,3,1,-15,12,-10,-6,8,-1
"1071",4,10,2,9,7,18,4,29,6,17,4,9,21,-4,-15,22,-11,-7,-10,7,-15,18,-13,-13,2,5
"1072",4,10,3,1,1,8,20,29,14,-1,-3,19,9,-5,-10,9,-6,-13,-2,0,-13,19,-3,-12,13,5
"1073",4,10,3,2,5,3,21,29,17,2,-4,16,16,-10,-11,10,-12,-12,-5,1,-9,22,-1,-11,12,4
"1074",4,10,3,3,3,4,22,29,20,2,-3,21,9,-5,-10,10,-11,-21,-3,1,-19,16,-2,-11,12,3
"1075",4,10,3,4,2,5,22,29,14,-2,-5,20,9,-4,-10,11,-8,-14,-3,-1,-13,23,-4,-11,11,5
"1076",4,10,3,5,3,4,22,29,15,-3,-4,19,8,-3,-9,8,-8,-14,-4,5,-15,21,-2,-10,11,6
"1077",4,10,3,6,2,7,20,29,12,-4,3,19,10,-3,0,0,-15,-17,-6,-9,-13,14,-4,-11,20,13
"1078",4,10,3,7,1,5,23,29,15,-2,-4,19,10,-5,-10,8,-5,-12,-3,0,-14,20,-2,-13,12,6
"1079",4,10,3,8,3,3,23,29,14,-1,0,14,7,-6,-9,8,-5,-14,-3,1,-15,23,-3,-13,11,5
"1080",4,10,3,9,12,8,9,29,14,3,-9,12,6,-6,-17,2,-8,-13,-4,-1,-14,19,-11,-7,7,2
